00#Sorting###	00#Genres####	01#authorID##	01#authorName	01#authorTrns	02#BooksIDs##	02#BooksNumbr	03#authorBio#
+00087	00038::biographies, 00019::literature, 00010::literary.criticism, 00009::philosophy, 00006::poetry, 00006::history, 00004::politics, 00002::novels, 00001::linguistics	64642852	عباس محمود العقاد	1383CabbasMahmudCaqqad	91929150, 18502737, 93024958, 84914209, 95297381, 57380918, 69518573, 57253096, 93626303, 61617953, 31475247, 38697931, 73941747, 72573693, 96468508, 13920718, 26952825, 20618509, 80382405, 93849638, 74742526, 74796070, 31759508, 79538572, 83168619, 84759380, 97274731, 19272704, 68168486, 94028070, 41740246, 70638427, 47174958, 27504042, 26373030, 17584264, 14685395, 83851413, 19725020, 13082050, 52082590, 92514250, 49305370, 71859316, 80940683, 28570839, 25183186, 39308515, 95950851, 20642737, 72707304, 18605304, 47572963, 41475903, 49613641, 73070404, 57092418, 41639790, 20615264, 46379685, 53075185, 96385968, 80306317, 82068526, 15814636, 91818506, 73140837, 26931350, 37942742, 36395794, 38285964, 47470505, 36484638, 19631637, 68360536, 62413524, 90917939, 81581424, 39418519, 68383692, 39074175, 38624195, 40706146, 41518291, 72635915, 85807391, 17919704	87	عباس العقاد: أديبٌ كبير، وشاعر، وفيلسوف، وسياسي، ومؤرخ، وصحفي، وراهبُ محرابِ الأدب. ذاع صِيتُه فملأ الدنيا بأدبه، ومثَّلَ حالةً فريدةً في الأدب العربي الحديث، ووصل فيه إلى مرتبةٍ فريدة. وُلِد «عباس محمود العقاد» بمحافظة أسوان عام ١٨٨٩م، وكان والده موظفًا بسيطًا بإدارة السِّجلات. اكتفى العقاد بحصوله على الشهادة الابتدائية، غير أنه عكَفَ على القراءة وثقَّفَ نفسَه بنفسِه؛ حيث حَوَتْ مكتبتُه أكثرَ من ثلاثين ألف كتاب. عمل العقاد بالعديد من الوظائف الحكومية، ولكنه كان يُبغِض العملَ الحكوميَّ ويراه سجنًا لأدبه؛ لذا لم يستمرَّ طويلًا في أي وظيفةٍ الْتحَقَ بها. اتجَهَ للعمل الصحفي؛ فعمل بجريدة «الدستور»، كما أصدَرَ جريدةَ «الضياء»، وكتب بأشهر الصحف والمجلات آنذاك. وَهَبَ العقادُ حياتَه للأدب؛ فلم يتزوَّج، ولكنه عاش قصصَ حُبٍّ خلَّدَ اثنتَيْن منها في روايته «سارة». كُرِّم العقاد كثيرًا؛ فنال عضويةَ «مَجمع اللغة العربية» بالقاهرة، وكان عضوًا مراسِلًا ﻟ «مَجمع اللغة العربية» بدمشق ومَثيلِه ببغداد، ومُنِح «جائزة الدولة التقديرية في الآداب»، غير أنه رفَضَ تسلُّمَها، كما رفض «الدكتوراه الفخرية» من جامعة القاهرة. كان العقاد مغوارًا خاض العديدَ من المعارك؛ ففي الأدب اصطدَمَ بكبار الشعراء والأدباء، ودارت معركةٌ حاميةُ الوطيس بينه وبين أمير الشعراء «أحمد شوقي» في كتابه «الديوان في الأدب والنقد». كما أسَّسَ «مدرسة الديوان» مع «عبد القادر المازني» و«عبد الرحمن شكري»؛ حيث دعا إلى تجديد الخيال والصورة الشعرية والتزام الوحدة العضوية في البناء الشعري. كما هاجم الكثيرَ من الأدباء والشعراء، مثل «مصطفى صادق الرافعي». وكانت له كذلك معاركُ فكريةٌ مع «طه حسين» و«زكي مبارك» و«مصطفى جواد» و«بنت الشاطئ». شارَكَ العقاد بقوةٍ في مُعترَك الحياة السياسية؛ فانضمَّ لحزب الوفد، ودافَعَ ببسالةٍ عن «سعد زغلول»، ولكنه استقال من الحزب عام ١٩٣٣م إثرَ خلافٍ مع «مصطفى النحاس». وهاجم الملكَ أثناء إعداد الدستور؛ فسُجِن تسعة أشهر، كما اعترض على معاهدة ١٩٣٦م. حارَبَ كذلك الاستبدادَ والحكمَ المطلقَ والفاشيةَ والنازية. تعدَّدَتْ كُتُبُه حتى تعدَّتِ المائة، ومن أشهرها العبقريات، بالإضافة إلى العديد من المقالات التي يصعُب حَصْرها، وله قصةٌ وحيدة، هي «سارة». تُوفِّي عام ١٩٦٤م تاركًا ميراثًا ضخمًا، ومنبرًا شاغرًا لمَن يخلفه.
00050	00019::literature, 00012::literary.criticism, 00009::novels, 00006::history, 00002::social.sciences, 00001::politics, 00001::philosophy, 00001::biographies	59624258	طه حسين	1392TahaHusayn	84172852, 28414252, 25194050, 63728685, 14820685, 62042949, 48395842, 50742631, 94962085, 83828042, 46307961, 59136080, 27513138, 14252850, 68583809, 39506471, 40706149, 96918483, 90474707, 20958591, 75174724, 13052715, 95048414, 20858508, 94207057, 42702649, 37420520, 25864275, 59309248, 19273913, 92508209, 16051859, 38174975, 38259241, 17506357, 93197385, 91860682, 59162414, 17153816, 30525258, 64615828, 60473902, 86392413, 14062930, 47573815, 20806072, 29384073, 53925275, 13838386, 46383536	50	طه حسين: أديبٌ ومفكِّرٌ مصريٌّ، يُعَدُّ عَلَمًا من أعلام التنوير والحركة الأدبية الحديثة، امتلَكَ بصيرةً نافذة وإنْ حُرِم البصر، وقاد مشروعًا فكريًّا شاملًا، استحقَّ به لقبَ «عميد الأدب العربي»، وتحمَّلَ في سبيله أشكالًا من النقد والمصادرة. وُلِد «طه حسين علي سلامة» في نوفمبر ١٨٨٩م بقرية «الكيلو» بمحافظة المنيا. فَقَدَ بصرَه في الرابعة من عمره إثر إصابته بالرمد، لكنَّ ذلك لم يَثْنِ والده عن إلحاقه بكُتَّاب القرية؛ حيث فاجَأَ الصغيرُ شيخَه «محمد جاد الرب» بذاكرةٍ حافظة وذكاءٍ متوقِّد، مكَّنَاه من تعلُّم اللغة والحساب والقرآن الكريم في فترة وجيزة. وتابَعَ مسيرته الدراسية بخطوات واسعة؛ حيث التحَقَ بالتعليم الأزهري، ثم كان أول المنتسِبين إلى الجامعة المصرية سنة ١٩٠٨م، وحصل على درجة الدكتوراه سنة ١٩١٤م، لتبدأ أولى معاركه مع الفكر التقليدي؛ حيث أثارَتْ أطروحتُه «ذكرى أبي العلاء» موجةً عالية من الانتقاد. ثم أوفدَتْه الجامعة المصرية إلى فرنسا، وهناك أَعَدَّ أُطروحةَ الدكتوراه الثانية: «الفلسفة الاجتماعية عند ابن خلدون»، واجتاز دبلوم الدراسات العليا في القانون الرُّوماني. وكان لزواجه بالسيدة الفرنسية «سوزان بريسو» عظيم الأثر في مسيرته العلمية والأدبية؛ حيث قامَتْ له بدور القارئ، كما كانت الرفيقة المخلِصة التي دعمَتْه وشجَّعَتْه على العطاء والمثابرة، وقد رُزِقَا اثنين من الأبناء: «أمينة» و«مؤنس». وبعد عودته من فرنسا، خاض غِمار الحياة العملية والعامة بقوة واقتدار؛ حيث عمل أستاذًا للتاريخ اليوناني والروماني بالجامعة المصرية، ثم أستاذًا لتاريخ الأدب العربي بكلية الآداب، ثم عميدًا للكلية. وفي ١٩٤٢م عُيِّن مستشارًا لوزير المعارف، ثم مديرًا لجامعة الإسكندرية. وفي ١٩٥٠م أصبح وزيرًا للمعارف، وقاد الدعوة لمجانية التعليم وإلزاميته، وكان له الفضل في تأسيس عددٍ من الجامعات المصرية. وفي ١٩٥٩م عاد إلى الجامعة بصفة «أستاذ غير متفرِّغ»، وتسلَّمَ رئاسة تحرير جريدة «الجمهورية». أثرى المكتبةَ العربية بالعديد من المؤلَّفات والترجمات، وكان يكرِّس أعمالَه للتحرُّر والانفتاح الثقافي، مع الاعتزاز بالموروثات الحضارية القيِّمة؛ عربيةً ومصريةً. وبطبيعة الحال، اصطدمت تجديديةُ أطروحاته وحداثيتُها مع بعض الأفكار السائدة، فحصدت كبرى مؤلَّفاته النصيبَ الأكبر من الهجوم الذي وصل إلى حدِّ رفع الدعاوى القضائية ضده. وعلى الرغم من ذلك، يبقى في الذاكرة: «في الأدب الجاهلي»، و«مستقبل الثقافة في مصر»، والعديد من عيون الكتب والروايات، فضلًا عن رائعته «الأيام» التي روى فيها سيرته الذاتية. رحل طه حسين عن دنيانا في أكتوبر ١٩٧٣م عن عمرٍ ناهَزَ ٨٤ عامًا، قضاها معلِّمًا ومؤلِّفًا، وصانعًا من صنَّاع النور.
00038	00022::novels, 00011::history, 00001::travel.literature, 00001::social.sciences, 00001::philosophy, 00001::literary.criticism, 00001::linguistics	40590249	جُرجي زيدان	1331JurjiZaydan	96940275, 41728357, 91708090, 71858151, 29513059, 46809285, 92031406, 75919582, 26938058, 13595164, 81504027, 46813707, 81407240, 18683951, 26382506, 30690257, 18683707, 72973614, 17928316, 50573515, 92924059, 49464279, 68475816, 31641375, 20281730, 35058486, 61641316, 83513693, 39482082, 74268029, 92527518, 36379464, 51375931, 13604281, 69729647, 59429042, 40915851, 60938635	38	جُرجي زيدان: مفكر لبناني، يعد رائد من رواد تجديد علم التاريخ، واللسانيات، وأحد رواد الرواية التاريخية العربية، وعلم من أعلام النهضة الصحفية والأدبية والعلمية الحديثة في العالم العربي، وهو من أخصب مؤلفي العصر الحديث إنتاجًا. ولد في بيروت عام ١٨٦١م لأسرة مسيحية فقيرة، ورغم شغفه بالمعرفة والقراءة، إلا أنه لم يكمل تعليمه بسبب الظروف المعيشية الصعبة، إلا أنه اتقن اللغتين الفرنسية والإنجليزية، وقد عاود الدراسة بعد ذلك، وانضم إلى كلية الطب، إلا أنه عدل إكمال دراسته فيها، وانتقل إلى كلية الصيدلة، وما لبث أن عدل عن الدراسة فيها هي الأخرى، ولكن بعد أن نال شهادة نجاح في كل من اللغة اللاتينية والطبيعيات والحيوان والنبات والكيمياء والتحليل. سافر إلي القاهرة، وعمل محررًا بجريدة الزمان اليومية، انتقل بعدها للعمل كمترجم في مكتب المخابرات البريطانية بالقاهرة عام ١٨٨٤م، ورافق الحملة الإنجليزية المتوجهة إلى السودان لفك الحصار الذي أقامته جيوش المهدي على القائد الإنجليزي «غوردون». عاد بعدها إلى وطنه لبنان، ثم سافر إلى لندن، واجتمع بكثير من المستشرقين الذين كان لهم أثر كبير في تكوينه الفكري، ثم عاد إلى القاهرة، ليصدر مجلة الهلال التي كان يقوم على تحريرها بنفسه، وقد أصبحت من أوسع المجلات انتشارًا، وأكثرها شهرة في مصر والعالم العربي. كان بالإضافة إلى غزارة إنتاجه متنوعًا في موضوعاته، حيث ألَّف في العديد من الحقول المعرفية؛ كالتاريخ والجغرافيا والأدب واللغة والروايات، وعلي الرغم من أن كتابات زيدان في التاريخ والحضارة جاءت لتتجاوز الطرح التقليدي السائد في المنطقة العربية والإسلامية آنذاك والقائم على اجترار مناهج القدامى ورواياتهم في التاريخ دون تجديد وإعمال للعقل والنقد، إلا أن طرحه لم يتجاوز فكرة التمركز حول الغرب الحداثي (الإمبريالي آنذاك)، حيث قرأ التاريخ العربي والإسلامي من منظور استعماري (كولونيالي) فتأثرت كتاباته بمناهج المستشرقين، بما تحمله من نزعة عنصرية في رؤيتها للشرق، تلك النزعة التي أوضحها بعد ذلك جليًّا المفكر الأمريكي الفلسطيني المولد إدوارد سعيد في كتابه «الاستشراق».  رحل عن عالمنا عام ١٩١٤م، ورثاه حينذاك كثير من الشعراء أمثال أحمد شوقي، وخليل مطران، وحافظ إبراهيم.
00035	00015::literature, 00005::philosophy, 00005::history, 00003::social.sciences, 00003::psychology, 00003::literary.criticism, 00002::novels, 00001::science, 00001::politics, 00001::linguistics, 00001::economics, 00001::biographies, 00001::arts	40515160	سلامة موسى	1377SalamaMusa	19248629, 24069693, 86173858, 84948057, 50539692, 35746947, 82490691, 93731593, 90306293, 72819315, 50605797, 82064868, 41726090, 92920684, 49157416, 30809151, 15393758, 93579268, 50394829, 51493058, 86141960, 27481815, 71853836, 30531809, 14642863, 50297538, 72614757, 95149172, 38473814, 20279628, 68068583, 94713929, 37164035, 51869206, 72527397	35	سلامة موسى: مفكر مصري، كان من أوائل الداعين للفكر الاشتراكي، وكان إيمانه بأن تحقيق النهضة في المجتمع المصري يستوجب التمثل بالغرب والمحاكاة الكاملة له. ولد سلامة موسى عام ١٨٨٧م بقرية بهنباي على بعد سبعة كيلومترات من الزقازيق لأبوين قبطيين. التحق بالمدرسة الابتدائية في الزقازيق، ثم انتقل بعدها إلى القاهرة ليلحق بالمدرسة التوفيقية ثم المدرسة الخديوية، وحصل على شهادة البكالوريا عام ١٩٠٣م.  سافر عام ١٩٠٦م إلى فرنسا ومكث فيها ثلاث سنوات قضاها في التعرف على الفلاسفة والمفكرين الغربيين. انتقل بعدها إلى إنجلترا مدة أربع سنوات بغية إكمال دراسته في القانون، إلا أنه أهمل الدراسة وانصرف عنها إلى القراءة، فقرأ للكثيرين من عمالقة مفكري وأدباء الغرب، أمثال: ماركس، وفولتير، وبرنارد شو، وتشارلز داروين، وقد تأثر موسى تأثرًا كبيرًا بنظرية التطور أو النشوء والارتقاء لتشارلز داروين. كما اطلع موسى خلال سفره على آخر ما توصلت إليه علوم المصريات. بعد عودته إلى مصر، أصدر كتابه الأول تحت عنوان: «مقدمة السوبرمان»، الذي دعا فيه إلى ضرورة الانتماء الكامل للغرب، وقطع أية صلة لمصر بعالم الشرق. كما أصدر كتابًا آخر بعنوان: «نشوء فكرة الله»، يلخص فيه أفكار الكاتب الإنجليزي جرانت ألين، التي تتضمن نقد الفكر الديني والإيمان الغيبي، الذي يرى فيه تخديرًا للشعوب وإغلالًا لأيديها! كما تَبَنَّى موسى كثيرًا من الأفكار العنصرية التي سادت الغرب آنذاك؛ حيث دعا إلى أن يتزوج المصريون من الغربيات لتحسين نسلهم! وردد بعض المقولات العنصرية عن الزنوج التي كانت تعتبرهم من أكلة لحوم البشر! توفي سلامة موسى عام ١٩٥٨م بعد أن ترك إرثًا مثيرًا للجدل، مدحه البعض كغالي شكري، حيث اعتبره نصيرًا للطبقات الكادحة، ومحررًا للعقول من الأوهام، وانتقده البعض الآخر كالعقاد الذي قال: «إن سلامة موسى أثبت شيئًا هامًّا؛ هو أنه غير عربي.» كما قال: «إن العلماء يحسبونه على الأدباء والأدباء يحسبونه على العلماء؛ لهذا فهو المنبت الذي لا عِلْمًا قطع ولا أدبًا أبقى.» وقد هوجم سلامة موسى من «مجلة الرسالة» الأدبية، التي وصفته بأنه الكاتب الذي يجيد اللاتينية أكثر من العربية، كما اعتبره مصطفى صادق الرافعي بأنه معادٍ للإسلام، ولم يره إبراهيم عبد القادر المازني سوى دجال ومشعوذ!
00025	00012::literature, 00009::history, 00002::philosophy, 00002::literary.criticism, 00001::biographies	20953090	أحمد أمين	1373AhmadAmin	36069074, 31951509, 52963131, 35314719, 24682079, 79372917, 35757396, 30536269, 92963020, 92024806, 59616186, 79181852, 72708279, 40905031, 47931636, 69525952, 41526904, 49741351, 59615307, 49308369, 81902572, 74719294, 51719608, 38307359, 19179686	25	أحمد أمين: أحد أعلام الفكر العربي والإسلامي في النصف الأول من القرن العشرين، وأحد أبرز من دعوا إلى التجديد الحضاري الإسلامي، وصاحب تيار فكري مستقل قائم على الوسطية، وهو والد المفكر المعاصر جلال أمين. وُلِد «أحمد أمين إبراهيم الطباخ» في القاهرة عام ١٨٨٦م، لأب يعمل مدرسًا أزهريًّا، دفعه أبوه إلى حفظ القرآن الكريم، وما أن أتم الطفل ذلك الأمر، حتى التحق بمدرسة أم عباس الابتدائية النموذجية، وفي الرابعة عشرة من عمره انتقل إلى الأزهر ليكمل تعليمه، وبالرغم من إبدائه التفوق في دراسته الأزهرية، إلا أنه فضل أن يترك الأزهر وهو في السادسة عشرة من عمره ليلتحق بسلك التدريس، حيث عمل مدرسًا للغة العربية في مدارس عدة بطنطا والإسكندرية والقاهرة، تقدم بعدها لامتحانات القبول بمدرسة القضاء الشرعي ليجتازها بنجاح وليتخرج منها بعد أربع سنوات، ويعين مدرسًا فيها. بدأ أحمد أمين مشواره في التأليف والترجمة والنشر، حيث قادته الأقدار في عام ١٩١٤م إلى معرفة مجموعة من الشباب ذوي الاهتمامات الثقافية والفكرية، والتي كانت تهدف إلى إثراء الثقافة العربية إثراء، حيث قدمت للقارئ العربي ذخائر التراث العربي بعد شرحها وضبطها وتحقيقها، كما قدموا بدائع الفكر الأوروبي في كثير من حقول المعرفة بالتأليف والترجمة. وفي عام ١٩٢٦م اختير أحمد أمين لتدريس مادة النقد الأدبي بكلية الآداب جامعة القاهرة بتوصية من طه حسين، كما انتخب عميدًا للكلية فيما بعد، رغم عدم حصوله على درجة الدكتوراه. إلَّا أن انتخابه عميدًا للكلية شغله بمشاكل عدة أثرت علي سير مشروعه الفكري، ففضل الاستقالة من العمادة في عام ١٩٤٠م. وقد حصل بعدها بثمان سنوات على الدكتوراه الفخرية. كتب أحمد أمين في العديد من الحقول المعرفية كالفلسفة والأدب والنقد والتاريخ والتربية، إلا أن عمله الأبرز هو ذلك العمل الذي أرَّخ فيه للحركة العقلية في الحضارة الإسلامية، فأخرج لنا «فجر الإسلام» و«ضحى الإسلام» و«ظهر الإسلام» أو ما عرف باسم «موسوعة الحضارة الإسلامية». وقد ظل أحمد أمين منكبًّا على البحث والقراءة والكتابة طيلة حياته إلى أن انتقل إلى رحاب الله عام ١٩٥٤م بعد أن ترك لنا تراثًا فكريًّا غزيرًا وفريدًا، راكم عليه من جاء بعده من الأجيال.
00021	00008::novels, 00005::literature, 00004::literary.criticism, 00001::travel.literature, 00001::poetry, 00001::plays, 00001::biographies	42571753	إبراهيم عبد القادر المازني	1368IbrahimCabdQadirMazini	13572470, 63502629, 91637469, 59620314, 25714191, 69469697, 52936026, 72603515, 63082470, 52928208, 85938393, 30603192, 86057520, 93962649, 93085140, 17469747, 92790962, 47374173, 81308482, 96869297, 83702539	21	إبراهيم عبد القادر المازني: شاعر وروائي وناقد وكاتب مصري من رواد النهضة الأدبية العربية في العصر الحديث، استطاع أن يجد لنفسه مكانًا متميزًا بين أقطاب مفكري عصره، عرف بأسلوبه الساخر سواء في الكتابة الأدبية أو الشعرية، أسس مع كل من عباس العقاد، وعبد الرحمن شكري مدرسة الديوان التي قدمت مفاهيم أدبية ونقدية جديدة، استوحت روحها من المدرسة الانجليزية في الأدب. وُلد «إبراهيم محمد عبد القادر المازني» في القاهرة عام ١٨٩٠م، ويرجع أصله إلى قرية «كوم مازن» بمحافظة المنوفية. تخرج من مدرسة المعلمين ١٩٠٩م. عمل بالتدريس وما لبث أن تركه ليعمل بعدها بالصحافة، حيث عمل بجريدة الأخبار، وجريدة السياسة الأسبوعية، وجريدة البلاغ بالإضافة إلي صحف أخرى، كما انتخب عضوًا في كل من مجمع اللغة العربية بالقاهرة والمجمع العلمي العربي بدمشق، ساعده دخوله إلى عالم الصحافة على انتشار كتاباته ومقالاته بين الناس. قرض في بداية حياته الأدبية العديد من دواوين الشعر ونظم الكلام، إلا أنه اتجه بعد ذلك إلى الكتابة النثرية واستغرق فيها، فقدم لنا تراثًا غزيرًا من المقالات والقصص والروايات. عُرف كناقد متميز، وكمترجم بارع، فترجم من الإنجليزية إلي العربية العديد من الأعمال كالأشعار والروايات والقصص، وقال العقاد عنه: «إنني لم أعرف فيما عرفت من ترجمات للنظم والنثر أديبًا واحدًا يفوق المازني في الترجمة من لغة إلى لغة شعرًا ونثرًا.» تميز أسلوبه في الكتابة بالسخرية اللاذعة والفكاهة، واتسم بالسلاسة والابتعاد عن التكلف، كما تميزت موضوعاته بالعمق الذي يدل على سعة اطلاعه، ولا ريب في ذلك فقد شملت قراءات الرجل العديد من كتب الأدب العربي القديم، والأدب الإنجليزي أيضًا، هذا بالإضافة إلي قراءته الواسعة في الكتب الفلسفية والاجتماعية، وينتمي المازني في مدرسته الأدبية إلي وصف الحياة كما هي، دون إقامة معايير أخلاقية، فكان في بعض كتاباته خارجًا عن التقاليد والأعراف السائدة والمتداولة. وفي النهاية لا يسعنا إلَّا أن نقول أن المازني كان أديبًا مبدعًا، وصحفيا بارزًا، وناقدًا متميزًا، ومترجمًا بارعًا، قدَّم الكثير للأدب العربي الحديث، قبل أن يرحل عن عالمنا في شهر أغسطس من عام ١٩٤٩م.
00020	00010::literature, 00007::literary.criticism, 00002::novels, 00001::travel.literature, 00001::plays, 00001::history	36051407	مارون عبود	1381MarunCabbud	84793046, 97260461, 71490515, 24136827, 80804060, 83157390, 75903970, 42828360, 53526174, 37520352, 97024639, 68094158, 97241813, 83913828, 19631595, 80518364, 48475359, 39597479, 53097092, 83970509	20	مارون عبود: رائد النهضة الأدبية الحديثة في لبنان، وهو الكاتب الصحفي، والروائي الساخر، والقصاص البارع، والشاعر الذي نظم الشعر على استحياءٍ؛ فلم يَرث الأدب منه سوى القليل، وهو الناقد الذي فَلَّتْ سهام النقاد أمامه إجلالًا واحترامًا، والمؤرخ والمسرحي، وزعيم من زعماء الفكر والفن في العصر الحديث. ولد «مارون بن حنا بن الخوري يوحنا عبود» عام ١٨٨٦م في قرية «عين كفاح» إحدى قرى بلاد جبيل، ونشأ في كَنَفِ أسرةٍ متدينة، وتلقى مبادئ القراءة والكتابة في مدرسة «تحت السنديانة» ومكث بها خمس سنواتٍ، ثم انتقل إلى مدرسة «ماريوسف» في بجة، ثم مدرسة «ارساسين» فمدرسة النصر الداخلية في قرية «كفيفات» ثم انتقل إلى مدرسة «مار يوحنا مارون» الإكليريكية حيث أمضى بها ثلاث سنوات، وكان الهدف من التحاقه بهذه المدرسة أن يخلف أباه وجده في الكهنوت، وفي عام ١٩٠٤م انتقل إلى مدرسة «الحكمة» المارونية التي أسسها المطران يوسف الدبس في بيروت، وقد كانت هذه المدرسة نقطة تحوُّل في مسار حياة هذا الكاتب؛ حيث وجد فيها تلاميذ من مختلف الملل والنِّحل، وأساتذةً بارعين كسعيد الشرتوني، وشلبي الملَّاط. وقد توقدت مواهبه الشعرية حينما نثر رحيقها في آذان أخِلَّائه المولعين بهذا الفن أمثال: رشيد تقي الدين. وبعد أن أنهى دراسته في مدرسة الحكمة طرق أبواب الصحافة؛ فعمل في جريدة «الروضة» لخليل باخوس، وجريدة «النصير»، وبعد إيقاف هذه الجريدة انتقل إلى جبيل حيث اشترك مع سليم وهبة في تأسيس جريدة «الحكمة» الأسبوعية، ولكنه لم يَسلَم من سهام المطاردة، ومن أجل ذلك اتجه إلى التدريس؛ فعمل به لفترة من الزمن.  وقد نال العديد من الأوسمة منها: وسام المعارف من الدرجة الأولى، ووسام الاستقلال من الدرجة الثانية. وقد أثرى المكتبة العربية بالعديد من المؤلفات الأدبية، والشعرية، والنقدية، منها «نقدات عابر»، و«تذكار الصبا»، و«زوابع». وقد وافته المنية عام ١٩٦٢م.
00018	00017::novels, 00001::literature	69739264	طانيوس عبده	1344TaniyusCabduh	27150503, 25791397, 69151868, 46362904, 80940860, 62753940, 57158406, 71717370, 16281941, 30938402, 72979479, 84919616, 57370939, 69407460, 71904803, 86905264, 73904174, 46425061	18	طانيوس عبده: الأديب والمترجم والصحفي اللبناني، وأحد أبناء جيل النهضة الأدبية الأوائل، عاش بمصر وأصدر عدة صُحُف. وُلد طانيوس بن متري عبده في «بيروت» عام ١٨٦٩م، والتحق بالمدرسة الأرثوذكسية فأتقن عدة لغات، منها: العربية والإنجليزية والفرنسية. وكعادة أبناء الشام في هذا العصر هاجر إلى «مصر»، وكانت مسرحًا لكثير من رواد النهضة والتنوير والفكر وكبار الكُتَّاب، فتتلمذ على يد الأديب والكاتب الكبير «نجيب الحداد». عمل «طانيوس عبده» في الصحافة فأصدر جريدة «فصل الخطاب» والتي توقفت بعد فترة، وكان له دور بارز في تجديد الخطاب الصحفي وتطويعه بما يلائم عصره. وكذلك اشترك في تحرير جريدة «الأهرام»، وعمل محررًا بجريدة «البصير»، ثم أصدر مجلة «الراوي» المتخصصة في كتابة القصة والرواية عام ١٩٠٧م. كما مارس طانيوس مهنة التمثيل والتحق بأحد الفرق بالإسكندرية، واشتغل كذلك بالتلحين والموسيقى. تميز «طانيوس عبده» بسرعة الترجمة حتى اتهمه أقرانه بعدم مراعاة الجودة في إخراج العمل، ولا سيما الترجمة عن الفرنسية، وهو صاحب أسلوب سهل يتناسب وطبيعة عصره؛ حتى إنه كان يضيف ويحذف من النص الأصلي ليتناسب وروح المتلقي، فيحشو الترجمة بالأمثال والأبيات الشعرية العربية. له عدة روايات مترجمة عن الفرنسية، منها: «البؤساء» و«عشَّاق فينيسيا» و«مروِّضة الأسود» و«جاسوسة الكردينال» و«روكامبول»، وهي سبعة عشر جزءًا، و«أسرار القيصرة» و«حيٌّ في ضريح» و«شارب الدماء» و«الطبيب الروسيُّ» و«الساحر العظيم» و«باردليان»، وهي ثلاثة أجزاء، و«الأميرة فوستا» و«كابيتان» و«الملكة إيزابو». وله ديوان وحيد طُبع الجزء الأول منه وصدر عام ١٩٢٥م، ولا يزال الجزء الثاني مخطوطًا. لمَّا أُعلن الدستور العثماني عاد طانيوس إلى بيروت، ومكث بها إلى أن انتهت الحرب العالمية الأولى، ثم رجع إلى مصر، فلما ألم به المرض سافر إلى بيروت للاستشفاء فمات فيها عام ١٩٢٦م.
00016	00009::poetry, 00003::novels, 00002::plays, 00001::philosophy, 00001::literature, 00001::literary.criticism	63709470	أحمد زكي أبو شادي	1374AhmadZakiAbuShadi	42736927, 90294913, 27572646, 28057251, 90402814, 30586803, 35938090, 40305828, 26085284, 80272839, 59290385, 51506209, 31462469, 41795941, 25868084, 18264640	16	أحمد زكي أبو شادي: شاعر وطبيب مصري، وعَلَم من أعلام مدرسة المهجر الشعرية، ورائد حركة التجديد في الشعر العربي الحديث، وإليه يُعْزَى تأسيس مدرسة «أبوللو» الشعرية التي ضمَّت شعراء الرومانسية الوجدانية في العصر الحديث. وُلِدَ أحمد زكي أبو شادي بحي عابدين بالقاهرة عام ١٨٩٢م، كان أبوه محمد أبو شادي بك الذي كان نقيبًا للمحامين، وأحد أعضاء حزب الوفد البارزين. وقد تدرَّج شاعرنا في رحاب العلم حتى التحق بمدرسة الطب في قصر العيني، وفي عام ١٩١٣م سافر إلى إنجلترا ليدرس الطب، وتعلَّم اللغة الإنجليزية حتى صار ماهرًا بها، واطَّلَعَ على آدابها، ثم تخصَّص في البكتريولوجيا حتى صار وكيلًا لكلية الطب، ثم تحوَّل إلى النِّحَالة وأنشأ نادي النحل الدولي، كما أسس جمعية آداب اللغة العربية، ولكن لم يَرُقْ له المقام في مصر حيث مُنِيَ مذهبُه التجديدي في الشعر بصفعاتٍ من النقد والهجوم؛ فهاجر إلى نيويورك عام ١٩٤٦م، وكتب في بعض صحفها العربية، وعمِل في التجارة والإذاعة، وألَّف في نيويورك رابطةً أدبية أَطلَق عليها رابطة «منيرفا» وقد ضمَّت الرابطة عددًا من الأدباء والمفكِّرين العرب والأمريكيين، كما قام بتدريس العربية في معهد آسيا بنيويورك. وقد خَلَّف أحمد زكي أبو شادي للميدان الأدبي إرثًا أدبيًّا ضخمًا، وصدَر له عدد كبير من الدواوين منها: «الشفق الباكي»، و«إحسان»، و«أشعة الظلال»، و«الشعلة»، و«فوق العُبَاب». وله مؤلفات مسرحية تمثيلية منها: «مسرحية الآلهة»، و«إخناتون»، و«فرعون مصر». وفي الحقل العلمي أصدر عددًا من المجلات الداعمة لهذا الميدان؛ فأصدر مجلة «مملكة النحل»، وأصدر مجلة «الصناعات الدراسية»، وصنَّف كتاب الطبيب والمعمل في مجلدٍ ضخم. وقد وافته المنية في واشنطن عام ١٩٥٥م.
00016	00006::history, 00003::novels, 00002::travel.literature, 00002::literature, 00002::literary.criticism, 00002::biographies, 00001::philosophy	73037206	محمد حسين هيكل	1375MuhammadHusaynHaykal	16136305, 19351958, 42908302, 13538483, 83520394, 31424071, 20604026, 28493759, 14159130, 26964862, 91847183, 18175075, 30731627, 57393159, 30272028, 62409030	16	محمد حسين هيكل: أديب وصحافي، وروائي ومؤرخ وسياسي مصري كبير، صاحب أول رواية عربية باتفاق نُقَّاد الأدب العربي الحديث، كما أنه قدم التاريخ الإسلامي من منظور جديد يجمع بين التحليل العميق، والأسلوب الشائق، وكان أديبًا بارعًا، كما كان له دور حركي كبير في التاريخ السياسي المصري الحديث. ولد عام ١٨٨٨م بمحافظة الدقهلية لأسرة ثرية، توجه في صغره إلى الكتَّاب، ثم التحق بمدرسة الجمالية الابتدائية، وأكمل دراسته بعدها بمدرسة الخديوية الثانوية، ثم قرر الالتحاق بمدرسة الحقوق المصرية عام ١٩٠٩م. سافر بعد ذلك إلى فرنسا ليحصل من هناك على درجة الدكتوراه. عاد عام ١٩١٢م إلى مصر، واشتغل بالصحافة حتى عام ١٩١٧م، مارس بعدها التدريس الجامعي حتى عام ١٩٢٢م إلَّا أنه ضاق ذرعًا بالعمل الوظيفي، فقرر الاستقالة ليتفرغ للعمل السياسي، فكان أحد أعضاء مجلس إدارة حزب الأحرار الدستوريين، ورئيسًا له فيما بعد، كما تقلد منصب رئيس تحرير جريدة «السياسة» التي أسسها الحزب، وتقلَّد عدة مناصب حكومية رفيعة منها توليه لوزارة المعارف ثلاث مرات، وتوليه لوزارة الشئون الاجتماعية، كما كان رئيسًا لمجلس الشيوخ، ورئيسًا لوفد مصر في الأمم المتحدة عدة مرات. مر التطور الفكري لهيكل بمراحل، حيث بدأ حياته الفكرية مؤمنًا بالقيم الغربية، والنزعة الفرعونية التي شهدت تناميًا بسبب تقدم الدراسات الأوروبية في حقل «المصريات»، إلا أنه بعد إمعان النظر، بدأ يُخضع ما يراه من سلوكيات اجتماعية وأخلاقية مصاحبة للحداثة الغربية للنقد، حيث عاصر الوجه القبيح للمشروع الحضاري الغربي الذي أدى لقيام الحرب العالمية الأولى والثانية والتي تسببت في مقتل أكثر من خمسين مليون إنسان، كما عايش الظاهرة الاستعمارية ورأى كيف أن الديمقراطية الغربية تكيل بمكيالين. لم يكن متصومعًا على نفسه، يحلق بفكره في أبراج عاجية تنأى عن هموم الناس ومشاكلها اليومية، بل كان رجل فكر وحركة، فكما كان يكتب في الفلسفة والتاريخ والأدب، كان في ذات الوقت رائدًا من رواد العمل السياسي العام في مصر الحديثة، يكافح من أجل استقلال مصر، وقد توفي الدكتور هيكل عام ١٩٥٦م، بعد ثمانية وستين عامًا قضاها في جهادٍ فكريٍّ وحركيٍّ.
00016	00005::novels, 00005::literature, 00004::biographies, 00002::social.sciences, 00002::plays, 00001::travel.literature, 00001::politics, 00001::arts	84163053	نوال السعداوي	1500oNawalSacdawy	20938505, 48419351, 74269403, 94905741, 63964750, 57049738, 30529386, 93959402, 97404718, 50926296, 62618150, 26204847, 24927319, 82913072, 79130941, 96869693	16	نوال السعداوي: هي إحدى الشخصيات الأكثر إثارةً للجدل؛ حيث يصعب على القارئ أن يقف منها موقفًا وسطًا، فإما أن يكون معها وإما أن يكون ضدها. وهي أشهرُ مَن نادى بتحرير المرأة من قيودها، ومَن جهَرَ بالعصيان لِمَا سمَّتْه «المجتمع الذكوري». وُلِدت نوال السيد السعداوي في «كفر طلحة» بمحافظة الدقهلية عام ١٩٣١م، لأسرة متوسطة الحال؛ فكان أبوها موظفًا بوزارة المعارف، وقد لعب دورًا كبيرًا في حياتها، فمنه تعلَّمَتِ التمردَ على قيود المجتمع، وأن الثوابت التي لا تؤمن بها هي أصنامٌ يسهل تحطيمها. أما أمها فهي سيدة ريفية بسيطة ورثَتْ عنها ابنتُها الجَلَدَ وتحمُّلَ المسئولية. أتمَّتْ نوال السعداوي دراستَها الجامعية وتخرَّجَتْ في كلية الطب عام ١٩٥٥م. وعلى الرغم من الصراع الدائم داخلَها بين الأدب والطب، فإن أحدهما لم يحسم المعركة؛ فقد كانت مؤلِّفتُنا طبيبةً مشاكسة وأديبةً مثيرة للأسئلة. تزوَّجَتْ ثلاثَ مرات وأثمَرَ زواجُها ولدًا وبنتًا، وكان زواجها الأخير من «شريف حتاتة» هو الذي دفَعَ بأعمالها إلى العالَمية بترجمتها إلى اللغة الإنجليزية. كتبَتْ نوال السعداوي أكثرَ من خمسين عملًا متنوِّعًا بين الرواية والقصة والمسرحية والسيرة الذاتية، وعزفت بقلمها على الثالوث المقدس (الدين والجنس والسياسة) لتقوِّضه؛ فهي تدعو لأن تتحرَّر المرأة من قَيْدِ عبوديةِ الرجل محلِّقةً في أُفُق أرحب من المساواة ذاتها؛ فالمرأةُ حين ارتدَتِ الحجابَ تديُّنًا استتر عقلُها قبل شعرها، واعتلاها الرجلُ باسم الجنس. وعلى أعتاب السياسة فَقَدَت كلَّ شيء وقضَتْ حياتَها مدافِعةً عن المرأة؛ فسُلِبت حريتها، وعُزِلت من وظيفتها، وأُدرِج اسمُها في قائمة الاغتيالات، ولم يكن أمامَها إلا أن تبحث عن الحرية والأمان في مكانٍ آخَر، ولكنْ أينما ذهبَتْ فقضيةُ المرأة هي شاغلها الأكبر، فظلَّتْ تكتب عنها وإليها. وعلى الرغم من جهدها في الدفاع عن قضايا المرأة المصرية والعربية، فإن الاحتفاء بها جاء من عدة دول غير عربية، كما أنها رُشِّحت لجائزة نوبل. ويظل اسم نوال السعداوي من أهم الأسماء المحفورة في مخيِّلة الأدب النِّسوي.
00015	00005::poetry, 00005::literature, 00004::history, 00002::literary.criticism, 00001::biographies	24138681	عبد الوهاب عزام	1378CabdWahhabCazzam	13957902, 46050209, 86930379, 50704724, 48582529, 49424259, 96490641, 63908296, 50497937, 72836250, 39319758, 40418486, 82053596, 79291538, 75292485	15	عبد الوهاب عزَّام: رائد الدراسات الفارسية، الأديب والدبلوماسي والباحث والمفكر الذي قدَّم للميادين البحثية طائفةً متنوِّعةً من الأبحاث في الأدب والتاريخ والتصوف. وقد اتسم بعُمق الثقافة العربية والإسلامية والأدبية؛ فقد وقف على أدب الشعوب الإسلامية، وَحَذِقَ اللغات الفارسية والتركية والأُردية. وقد عُدَّ كاتبنا من سَدَنَةِ (حُماة) التراث العربي؛ حيث اهتمَّ بتحقيق العديد من الكتب، وعمل على إفشال المخطط التخريبي الذي قاده عبد العزيز فهمي من أجل استبدال الحروف اللاتينية بالحروف العربية. وقد حرص «عزام» على إعادة وتوثيق أواصر الصلة بين الأمة العربية والعالم الإسلامي. وُلِدَ عبد الوهاب عزَّام في قرية «الشوبك» عام ١٨٩٤م، في كَنَفِ أسرة لها باع طويل في الفكر السياسي والنضالي ضدَّ الإنجليز؛ فوالده الشيخ «محمد حسن بك عزَّام» الذي كان عضوًا في مجلس شورى القوانين، ثم الجمعية التشريعية. وقد حرص محمد بك على تزويد ابنه بزادٍ من العلم الديني؛ فأرسله إلى الكُتَّاب حيث حفظ القرآن الكريم، وتعلَّم مبادئ القراءة والكتابة، ثم التحق بالأزهر الشريف. وبعد أن نهل من فيض علمه، التحق بمدرسة القضاء الشرعي، ثم التحق بالجامعة الأهلية، ونال منها شهادة الليسانس في الآداب والفلسفة عام ١٩٢٣م. وقد تقلَّد العديد من المناصب العلمية الرفيعة؛ حيث اصطُفِيَ ليكون إمامًا في السفارة المصرية بلندن. وقد كَفَلَ له هذا المنصب الاطِّلاع على ما يكتبه المستشرقون عن الإسلام والعالم الإسلامي؛ مما حفزه على دراسة لغات بلاد الشرق الإسلامي، فالتحق بمدرسة اللغات الشرقية بلندن، وحصل منها على درجة الماجستير في الأدب الفارسي عام ١٩٢٧م، ثم عاد بعد ذلك وعُيِّن مدرسًا بكلية الآداب، وحصل على الدكتوراه التي أعدَّها عن «الشاهنامه» للفردوسي، والتي عُيِّن بمقتضاها مدرسًا للغات الشرقية ثم رئيسًا للقسم ثم عميدًا لكلية الآداب. وقد بدأ «عزام» رحلته في السلك الدبلوماسي؛ حيث عُيِّن سفيرًا لمصر في المملكة العربية السعودية، ثم سفيرًا لها في باكستان. وقد قدَّم عبد الوهاب عزَّام للساحة الفكرية العديد من المؤلفات، منها: «مدخل إلى الشاهنامه العربية»، و«ذكرى أبي الطيب المتنبي». وقد وافته المَنِيَّة عام ١٩٥٩م، ودُفِنَ في مسجده بحلوان.
00014	00007::literature, 00003::social.sciences, 00003::novels, 00002::history, 00001::plays	25792509	شوقي عبد الحكيم	1423ShawqiCabdHakim	59495261, 64839393, 64841842, 94614731, 72518646, 19494130, 63702581, 69041583, 96158315, 42740640, 94025275, 60638094, 68393083, 74636907	14	شوقي عبد الحكيم: كاتب مسرحي مصري، وروائي، وباحث في التراث الشعبي والإثنوجرافيا، وهو من أهم الأدباء الذين جمعوا التراثَ المصري وقدَّموه في شكلٍ مسرحي وتوثيقي. وُلِد «أحمد شوقي عبد الحكيم هلال» عام ١٩٣٤م في محافظة الفيوم، ومنذ طفولته كان يميل إلى الاستماع إلى حكايات الفلاحين والمدَّاحين و«المغنواتية» والنادبات، وظهر هذا التأثُّر في اهتمامه بالأدب الشعبي جليًّا بعد ذلك. تخرَّجَ في كلية الآداب قسم الفلسفة بجامعة القاهرة في عام ١٩٥٨م. في مطلع الستينيات اعتُقِل «شوقي عبد الحكيم» لأسباب سياسية، ثم هاجَرَ في السبعينيات إلى لندن لمدة ثماني سنوات كان يعمل خلالها في إذاعة «بي بي سي» البريطانية، وصحفيًّا في عدة صحف أخرى، وكان في تلك الفترة كثيرَ التردُّد على المسارح والمكتبات. ومن لندن سافَرَ «شوقي» إلى بيروت إبَّان الحرب الأهلية اللبنانية والاحتلال الإسرائيلي للبنان. تنوَّعَتْ أعمالُ «عبد الحكيم» بين المسرحيات والروايات والأبحاث والمقالات، وقد بدأ بنشر كتاب «أدب الفلاحين» الذي جمع فيه الكثيرَ من الحكايات الشعبية الريفية المصرية التي سمعها في فترة طفولته ومراهقته في القرية، منها ما تمَّ تحويله إلى أعمال سينمائية شهيرة مثل: «حسن ونعيمة» و«شفيقة ومتولي»، وقد نال الكتاب إعجابَ النقَّاد المعاصرين له بشكلٍ كبيرٍ. وفي فترة اعتقاله كتَبَ مسرحيتَيْ: «سعد اليتيم» و«العتمة»، وأثناء حياته ببيروت صوَّرَ ما شاهَده في رواية «بيروت البكاء ليلًا» التي تُرجِمَتْ إلى العديد من اللغات، كما قدَّمَ عديدًا من النصوص في المسرح المرتجل، وصَلَ عددها إلى ستة عشر نصًّا. وقد تخصَّصَ في دراساته في التراث الشعبي، وكانت رؤيته لهذا النوع من المسرح أنه يشبه السِّيَر الشعبية والملاحم، وفيه عرَضَ للروح المصرية الحقيقية التي يتفاعَلُ معها الجمهورُ. ومن أبرز أعماله «موسوعة الفلكلور والأساطير العربية» التي أبحَرَ فيها في رحلةٍ للأساطير العربية بهدفِ إعادةِ فهْمِ سيكولوجية الإنسان العربي في العصر الحاضر. وقد مثَّلَ مصر في العديد من المؤتمرات الدولية، وحاز على كثيرٍ من الجوائز المسرحية. تُوفِّي «شوقي عبد الحكيم» بعد صراعٍ مع المرض في عام ٢٠٠٣م، تارِكًا ستة وأربعين كتابًا في الفنون والتراث والأدب.
00012	00010::novels, 00001::poetry, 00001::history	92581481	علي الجارم	1368CaliJarim	69204269, 40204702, 68042963, 17291520, 48252913, 97031861, 96853080, 39649030, 70593971, 81947462, 17979520, 26949253	12	علي الجارم: أديب، وشاعر مصري، ورائد من رواد مدرسة الإحياء والبعث إلى جانب كل من أحمد شوقي وحافظ إبراهيم. أَثْرَت مؤلفاته المكتبة الأدبية العربية؛ حيث تعددت وتنوعت بين الدواوين الشعرية، والروايات الأدبية والتاريخية، إضافة إلى الكتب المدرسية، وكانت له مساهمات فعالة في حقل اللغة العربية. وقد اشتهر بغيرته على الدين واللغة والأدب، وتمكن من أن يحوز مكانة شعرية رائدة. ولد علي صالح عبد الفتاح الجارم، بمدينة رشيد عام ١٨٨١م، تلك المدينة التي شهدت الكثير من أحداث مصر التاريخية. كان والده الشيخ محمد صالح الجارم عالمًا من علماء الأزهر، وقاضيًا شرعيًّا بمدينة دمنهور. تلقى علي دروسه الأولى بمدينة رشيد، فأتم بها التعليم الابتدائي، وواصل تعليمه الثانوي بالقاهرة حيث التحق بالأزهر الشريف، واختار بعد ذلك أن يلتحق بكلية دار العلوم بجامعة القاهرة. سافر عام ١٩٠٨م إلى إنجلترا وتحديدًا نوتينجهام لإكمال دراسته، فدرس هناك أصول التربية، ثم عاد إلى مصر عام ١٩١٢م بعد أربع سنوات قضاها في الغربة. عُيِّن الجارم عقب عودته مدرسًا بمدرسة التجارة المتوسطة، ثم تدرج في مناصب التربية والتعليم حتى عُيِّن كبير مفتشي اللغة العربية بمصر، كما عمل الجارم وكيلًا لدار العلوم، وكان عضوًا مؤسِّسًا لمجمع اللغة العربية، وقد مَثَّل مصر في عدد من المؤتمرات العلمية والثقافية. سَخَّر الجارم طاقاته الإبداعية وإمكانياته الثقافية في إنجاز العديد من الروايات الأدبية التاريخية التي تتخذ من التاريخ العربي موضوعًا لها، مثل: «فارس بني حمدان» و«هاتف من الأندلس» و«مرح الوليد» و«خاتمة المطاف» و«نهاية المتنبي». توفي علي الجارم عام ١٩٤٩م عن ثمانية وستين عامًا، وقد رثاه كبار أدباء ومفكري عصره.
00012	00009::novels, 00002::philosophy, 00001::economics	60483937	نقولا حداد	1373NiqulaHaddad	49195362, 82495926, 93524790, 61528174, 60626970, 79591635, 90940842, 85252495, 69316182, 73808039, 59290207, 81713528	12	نقولا حداد: من طلائع النهضة العربية، صحفي وعالم وشاعر، ترأس تحرير عدد من الصحف العربية والمصرية مثل الأهرام والمقتطف، له مجموعة كبيرة من الروايات والمسرحيات بين المؤلَّفة والمُترجَمة، عَمِل على ترويج أفكاره من خلال مطبوعتي المقتطف والهلال. ولد «نقولا إلياس حداد» عام ١٨٧٨م في بلدة «جون» بلبنان، تلقى تعليمه الابتدائي في مدرسة صيدا الأمريكية؛ حيث درس مبادئ العلوم والتاريخ والهندسة واللغة العربية نحوًا وصرفًا، ثم عَلَّم نفسه اللغة الإنجليزية، ثم درس الصيدلة ونال شهادتها ١٩٠٢م، وبعدها تفرغ لدراسة نظرية النسبية. عَمِل مدرسًا في المدارس الأمريكية القروية بريف لبنان، ثم في مدارس «صيدا»، وعمل بعدها مُحررًا في جريدة «الرائد المصري» بالقاهرة مدة ثلاث سنوات، ثم مُحررًا في عدد من الصحف المصرية، كالأهرام والمحروسة. أنشأ جريدة المحبة المدرسية في «صيدا»، وجريدة الحكمة المدرسية في «بيروت». له العديد من الكتابات الروائية، فهو روائي قدير، وصاحب إنتاج أدبي وفير، منها: «فرعونة العرب عند الترك»، و«جمعية إخوان العهد»، و«وداعًا أيها الشرق»، و«آدم الجديد»، و«الصديق المجهول»، وعدد من المؤلفات ذات الطابع الاجتماعي والعلمي، منها: «الاشتراكية»، و«الحب والزواج»، و«هندسة الكون حسب قانون النسبية»، و«فلسفة الوجود»، و«الديمقراطية مسيرها ومصيرها»، وله عدد من المقالات نشرت في جرائد «المقتطف»، و«الهلال»، و«الجامعة»، و«الأديب»، و«الرائد المصري»، وله قصائد نشرت جميعها في مجلة الضياء منها؛ «الحمامة المفقودة»، و«عالم العين»،و«عالم الدماغ»، و«عالم القلب». سافر إلى الولايات المتحدة الأمريكية برفقة «فرح أنطون» لإصدار جريدة «الجامعة» اليومية في نيويورك، ولكنهما لم يوفقا، فعمل في التجارة مدة سنتين، ثم عاد إلى مصر فأنشأ صيدلية، فضلًا عن عمله بالتحرير في الأهرام و«مجلة السيدات والرجال» التي أنشأتها زوجته «روز أنطون»، كما عاون «يعقوب صروف» في تحرير «المقتطف». رحل «نقولا حداد» عن عالمنا عام ١٩٥٤م، ونعاه بعض الأدباء بالكتابة عنه مثل «وداد السكاكيني»، و«وديع فلسطين».
00012	00008::plays, 00002::poetry, 00001::novels, 00001::literature	37094079	أحمد شوقي	1359AhmadShawqi	81725259, 20385706, 86085746, 47162571, 70706142, 82642829, 20717409, 53819473, 62425297, 49242828, 79283830, 38057286	12	أحمد شوقي: شاعر مصري، يُعَدُّ أحد أعظم شعراء العربية في مختلِف العصور، بايعه الأدباء والشعراء في عصره على إمارة الشعر فلقب ﺑ «أمير الشعراء». كان صاحب موهبة شعرية فَذَّةٍ، وقلم سَيَّال، لا يجد عناء في نظم الشعر، فدائمًا ما كانت المعاني تتدفق عليه كالنهر الجاري؛ ولهذا كان من أخصب شعراء العربية، فبلغ نتاجه الشعري ما لم يبلغه تقريبًا أيُّ شاعر عربي قديم أو حديث، حيث وصل عدد أبيات شعره إلى ما يتجاوز ثلاثةً وعشرين ألف بيت وخمسمائة. وُلد «أحمد شوقي علي» بحي الحنفي بالقاهرة في عام ١٨٦٨م، لأبٍ شركسي وأُمٍّ ذات أصول يونانية، لكنه نشأ وتربَّى في كنف جَدته لأمه التي كانت تعمل وصيفة في قصر الخديوي إسماعيل. أُدخل شوقي في الرابعة من عمره الكُتَّاب فحفظ فيه قدرًا من القرآن، ثم انتقل بعدها ليُتِمَّ تعليمه الابتدائي، وأظهر الصبي في صغره ولعًا بالشعر، جعله يَنْكَبُّ على دواوين فحول الشعراء فيحفظ وينهل منها قدر ما يستطيع، ولما أتمَّ الخامسة عشرة من عمره التحق بقسم الترجمة الذي أُنشِئَ حديثًا بمدرسة الحقوق، سافر بعدها إلى فرنسا ليكمل دراسته القانونية، ورغم وجوده في باريس آنذاك، إلا أنه لم يُبْدِ سوى تأثرٍ محدودٍ بالثقافة الفرنسية، فلم ينبهر بالشعراء الفرنسيين أمثال: رامبو، وبودلير، وفيرلين. وظل قلبه معلقًا بالشعراء العرب وعلى رأسهم المتنبي. يُعَدُّ أحمد شوقي من مؤسسي مدرسة الإحياء والبعث الشعرية مع كل من: محمود سامي البارودي، وحافظ إبراهيم، وعلي الجارم، وأحمد محرم. وقد التزم شعراء هذه المدرسة بنظم الشعر العربي على نهج القدماء، خاصة الفترة الممتدة بين العصر الجاهلي والعباسي، إلا أنه التزامٌ مازَجَه استحداث للأغراض الشعرية المتناوَلَة، التي لم تكُن معروفة عند القدماء، كالقصص المسرحي، والشعر الوطني، والشعر الاجتماعي. وقد نظم شوقي الشعر بكل أغراضه: المديح، والرثاء، والغزل، والوصف، والحكمة. بايع الأدباء والشعراء أحمد شوقي أميرًا لهم في حفلٍ أُقِيمَ بالقاهرة عام ١٩٢٧م، وظل الرجل مَحَلَّ إعجاب وتقدير ليس فقط بين الخاصة من المثقَّفين والأدباء بل من عموم الناس أيضًا، وفي عام ١٩٣٢م رحل شوقي عن عالمنا، وفاضت رُوحُهُ الكريمة إلى بارئها عن عمر يناهز أربعة وستين عامًا.
00012	00006::social.sciences, 00005::history, 00002::philosophy, 00001::psychology, 00001::literature	61683526	عادل زعيتر	1376CadilZucaytir	61496319, 64909484, 79729368, 68050471, 36368483, 63718039, 97095179, 37926480, 85806968, 73539240, 29293972, 83648370	12	عادل زعيتر: مترجم ومفكر فلسطيني بارز. ولد زعيتر في مدينة «نابلس» الفلسطينية عام ١٨٩٥م لأبٍ كان يعمل قاضيًا في «محكمة الحقوق» كما شغل منصب رئيس بلدية نابلس. وقد تربى زعيتر في منزل علم ودين يسوده الانضباط فحرص والده على تثقيفه ثقافة دينية وعلمية رفيعة. تلقى زعيتر تعليمه الأولي كأغلب أقرانه فالتحق ﺑ «مدرسة النجاح الوطنية» بنابلس، ثم تتلمذ على يد العلامة اللغوي «مصطفى الغلاييني»، وقد أظهر منذ صغره تفوقًا ملحوظًا في الدراسة خاصة في اللغة العربية. وبعد انتهائه من التعليم المدرسي التحق زعيتر ﺑ «الجامعة السلطانية» بإسطنبول — عاصمة الخلافة العثمانية وقتها — حيث درس الآداب وأجاد اللغة التركية بجانب الفرنسية والإنجليزية والألمانية، وإن أحب الفرنسية بدرجة كبيرة ونبغ فيها، وقد نال زعيتر شهادة الحقوق من باريس عام ١٩٢٥م. التحق زعيتر بالجيش التركي لما نشبت الحرب العالمية الأولى؛ حيث خدم كضابط احتياط ثم عاد لنابلس مع اشتعال «الثورة العربية الكبرى» في عام ١٩١٦م، ثم انضم لصفوف الثوار تحت قيادة الأمير «فيصل بن الحسين»، وذلك بعد أن تصاعدت أعمال البطش التي نفذها الجيش التركي تجاه العرب. عمل زعيتر محاميًا لفترة ثم أصبح عضوًا في «المجمع العلمي العراقي». كما مثل نابلس في «المؤتمر السوري العام» الذي انعقد في ١٩٢٠م وأعلن استقلال «سوريا الكبرى». وصف الأدباء زعيتر بشيخ المترجمين العرب؛ لما قدمه من ترجمات هامة لكتب صعبة تحتاج مجهود فريق عمل وليس مترجمًا واحدًا، كما احتفى بفضله الكثير من المستشرقين الذين اعتبروه مؤسسة ثقافية بذاتها. ونذكر من ترجماته الهامة: «العقد الاجتماعي» للفيلسوف الفرنسي «جان جاك روسو» وأعمال المستشرق الفرنسي الشهير «جوستاف لوبون»، هذا بالإضافة لبعض أعمال «فولتير» و«مونتيسكيو» وغيرهم. توفي «عادل زعيتر» في عام ١٩٥٧م عن اثنين وستين عامًا.
00012	00006::literary.criticism, 00003::literature, 00001::travel.literature, 00001::poetry, 00001::philosophy	41796397	زكي مبارك	1371ZakiMubarak	59507481, 74831386, 19139738, 81316951, 59507358, 37141640, 63146390, 50704646, 82796808, 57072526, 92480708, 38196806	12	زكي مبارك: أديب وشاعر وناقد وصحفي مصري، حاصل على ثلاث درجات دكتوراه. ولد الأديب زكي عبد السلام مبارك في الخامس من أغسطس عام ١٨٩٢م بقرية سنتريس بمحافظة المنوفية لأسرة ميسورة الحال. توجَّه في طفولته إلى الكُتَّاب، وأدمن زكي مبارك القراءة منذ كان في العاشرة من عمره، وأتم حفظ القرآن الكريم وهو في السابعة عشرة. حصل زكي مبارك على شهادة الأهلية من الجامع الأزهر عام ١٩١٦م، وقرر بعدها أن يلتحق بكلية الآداب بالجامعة المصرية، حيث تخرج فيها وحصل على درجة الليسانس عام ١٩٢١م، وأكمل بعد ذلك دراساته العليا لينال درجة الدكتوراه في الأدب من الجامعة ذاتها عام ١٩٢٤م. ولم يقف زكي مبارك عند هذا الحد، لكنه سافر إلى باريس والتحق بمدرسة اللغات الشرقية وحصل منها على دبلوم الدراسات العليا في الآداب عام ١٩٣١م، وواصل مبارك مسيرته العلمية بالحصول على الدكتوراه في الآداب من جامعة السوربون عام ١٩٣٧م. تتلمذ زكي مبارك على يد الشيخ المرصفي الذي لعب دورًا إصلاحيًّا كبيرًا في تطور الدراسات الأدبية واللغوية في ذلك العصر. وتتلمذ أيضًا على يد طه حسين، ولكنه كان تلميذًا مشاغبًا يقارع أستاذه، ولا يستكين استكانة المتلقي، بل يُعمل عقله النقدي ويجاهر مجاهرة الواثق بقدراته، حيث قال لأستاذه طه حسين ذات مرة أثناء إحدى المناقشات في مدرج الجامعة: «لا تتعالموا علينا ففي وسعنا أن نساجلكم بالحجج والبراهين.»  تبوَّأ زكي مبارك مكان الصدارة في مجالي الشعر والخطابة، ورمى بنفسه في أتون ثورة ١٩١٩م مستغلًّا هذه المكانة ليلهب مشاعر الجماهير بخطبه البليغة الوطنية، ويفجر المظاهرات بأشعاره النارية. لم ينل زكي مبارك حظه من المناصب نتيجة لـسببين رئيسين، أولًا: معاركه الأدبية مع أقطاب عصره كطه حسين، وعباس العقاد، والمازني وغيرهم. ثانيًا: تفضيله الابتعاد عن التيارات الحزبية الممالئة للقصر والنفوذ البريطاني؛ لذلك سافر الرجل إلى العراق، وهناك مُنح «وسام الرافدين» في عام ١٩٤٧م. وقد كتب مبارك طوال مسيرته الأدبية ٤٥ كتابًا، منها كتابان باللغة الفرنسية. وقد توفي مبارك عام ١٩٥٢م ودفن في مسقط رأسه.
00011	00007::plays, 00002::novels, 00002::history	27535259	إبراهيم رمزي	1368IbrahimRamzi	50729579, 13680727, 86815080, 80968603, 35794859, 27208072, 97425906, 91602803, 84057509, 28693080, 26196406	11	إبراهيم رمزي: واحد من أبرز دعائم المسرح العربي الحديث ورائد من رواده؛ حيث كان لإسهاماته أثر عميق في نهضة المسرحية العربية الحديثة في مصر. وهو من أوائل الذين حاولوا تأصيل الأجناس الأدبية الجديدة كما يقول الدكتور عبد الحميد يونس؛ فقد أنشأ القصة القصيرة وأسهم في مجال الرواية التاريخية.  ولد إبراهيم رمزي في السادس من أكتوبر عام ١٨٨٤م بمدينة المنصورة محافظة الدقهلية، حيث تلقى تعليمه الابتدائي. وانتقل بعدها إلى القاهرة ليحصل على شهادة البكالوريا من المدرسة الخديوية الثانوية عام ١٩٠٦م. ثم سافر إلى بيروت ليلتحق هناك بالجامعة الأمريكية. وقد حصل رمزي على دبلوم مدرسة المعلمين العليا عام ١٩٢١م، كما حصل على شهادة في التعاون من جامعة مانشستر.  عُيِّن إبراهيم رمزي في بداية حياته الوظيفية مترجمًا بالمحكمة المدنية للخرطوم، وفي هذه الأثناء، قابل الإمام محمد عبده الذي أبدى إعجابًا كبيرًا ببراعة رمزي في العربية، وشغفه ومعرفته الكبيرة بالأدب الإنجليزي. عاد إبراهيم رمزي إلى القاهرة، ليعمل مترجمًا بجريدة اللواء، ثم انتقل بعدها ليعمل رئيسًا لتحرير القسم الأدبي بجريدة البلاغ. كما عمل مفتشًا لمدارس المعلمين، وترقى إلى أن عُيِّن سكرتيرًا للجنة العليا للبعثات، وظل في منصبه هذا إلى أن أحيل إلى المعاش عام ١٩٤٤م.  ترك إبراهيم رمزي حوالي خمسين كتابًا بين مؤلف ومترجم، تعددت أشكالها وألوانها بين المسرحيات التاريخية، والمسرحيات الاجتماعية الكوميدية، حيث طرح العديد من المشكلات الاجتماعية والأخلاقية ذات الصلة بالبيئة المصرية وعالجها. مُثلت العديد من مسرحياته ﻛ «الحاكم بأمر الله» التي مثَّلَها «جورج أبيض» وأخرجها «زكي طليمات» ومسرحية «أبطال المنصورة» التي مثلتها فرقة «عبد الرحمن رشدي» ومسرحيات أخرى ﻛ «البدوية» و«بنت الإخشيد». ولا يقل إبداع رمزي في مجال التأليف عن إبداعه في مجال الترجمة، حيث ترجم العديد من روائع الأدب العالمي، منها: «قيصر وكليوبترا» لبرنارد شو، و«الملك لير» و«ترويض النمرة» لشكسبير، و«عدو الشعب» لإبسن، وهذا الأخير تحديدًا تأثر به رمزي إلى حدٍّ كبير.  توفي إبراهيم رمزي في مارس عام ١٩٤٩م عن عمر يناهز الخامسة والستين عامًا، مخلفًا وراءه تراثًا أدبيًّا عريقًا، أفاد من جاء بعده من الأجيال اللاحقة.
00011	00005::history, 00003::philosophy, 00002::social.sciences, 00001::literature, 00001::linguistics	53973639	إسماعيل مظهر	1381IsmacilMazhar	75736386, 17162930, 73191613, 51619626, 93719741, 30461695, 24257352, 46946197, 74162592, 53741415, 85028574	11	إسماعيل مظهر: مفكر مصري ليبرالي، وواحد من أعلام النهضة العلمية والثقافية الحديثة، ورائد من رواد الفكر والترجمة، وأحد الذين أولَوا ميدان الفكر الديني والاجتماعي أهمية كبيرة في مشروعهم الفكري.ولد إسماعيل مظهر في القاهرة عام ١٨٩١م في أسرة ثرية ذات أصولٍ تركية؛ فهو حفيد إسماعيل محمد باشا، وينتمي إلى أسرةٍ كَتَبَتْ في صفحة التاريخ سطورًا من النبوغ العلمي، ولا سيما في حقل الهندسة. التحق إسماعيل مظهر بالمدرسة الناصرية ثم أكمل دراسته في المدرسة الخديوية، ودرس علوم الأحياء، ثم درس اللغة والأدب في رحاب الأزهر الشريف. وتُبين تلك المراحل الدراسية التي مرَّ بها توقُّفه عند المرحلة الثانوية. وقد كان لخاله أحمد لطفي السيد بصمة كبيرة في فكره الليبرالي الذي أَرْسَى دعائمه ثأثره بالثقافة الغربية وإجادتُه للغة الإنجليزية التي تعلمها أثناء سفره إلى إنجلترا.  دخل إسماعيل مظهر مُعْتَرَكَ الصحافة صغيرًا، فأصدر جريدة الشعب عام ١٩٠٩م، وخاض معركة النضال السياسي مع الزعيم الوطني مصطفى كامل، ومن ثَمَّ بدأ اسمه يذيل صفحات الصحف الكبرى كجريدة اللواء. وقد تميزت كتابته في الصحف بطابع الحرية الذاتية، والتجديد، وعرض الآراء عرضًا مُنَزَّهًا عن الأهواء الشخصية. كما اضطلع إسماعيل مظهر برئاسة تحرير مجلة المُقتَطَف، فارتقى بها إلى أوْجِ سُلَّمِ المجد. وقد فتح آفاق العالم العربي على شُرُفاتِ نظرية النشوء والارتقاء عند داروين. كما نادى بضرورة الإصلاح الاجتماعي، ورأى أنَّ الحل يكْمُنُ في تكوين حزبٍ جديدٍ أطلق عليه اسم حزب «الوفد الجديد» بقيادة مصطفى النحاس.  وقد قدم مَظْهر لعالم الثقافة ذخائر معرفية تجسدت في «وثبة الشرقِ» الذي أجلى فيه السمات العقلية للشخصية التركية الحديثة، و«تاريخ الفكر العربي» و«مُعْضِلات المدنية الحديثة» و«مصر في قيصرية الإسكندر المقدوني»، وقد وافته المنيةُ في الرابع من فبراير عام ١٩٦٢م.
00011	00004::history, 00002::literature, 00001::travel.literature, 00001::politics, 00001::philosophy, 00001::novels, 00001::literary.criticism, 00001::economics, 00001::biographies	72703631	محمد لطفي جمعة	1372MuhammadLutfiJumca	36094974, 86869064, 63827241, 40948193, 13919490, 81614607, 49069206, 63724059, 91480861, 58591507, 36151838	11	محمد لطفي جمعة: كاتب ومترجم وروائي، كان موسوعي المعرفة، ويجيد العديد من اللغات، كما أنه أحد كبار المحامين والناشطين السياسيين المصريين في عصره. ولد بالإسكندرية عام ١٨٨٦م، لأسرة تنتمي إلى الطبقة الوسطى، وكانت مرضعته السيدة «ملوك عيد» والدة الشيخ سيد درويش، فكان أخاه في الرضاعة، التحق في بداية حياته بمدرسة الأقباط بطنطا، ثم أمضى أربع سنوات بالمدرسة الأميرية التي نال منها شهادته الابتدائية، ثم انتقل إلى القاهرة ليحصل من المدرسة الخديوية على شهادته الثانوية، سافر بعدها إلى بيروت ليلتحق هناك بالكلية الأمريكية لدراسة الفلسفة، كما حصل بعد عودته للقاهرة على إجازة مدرسة المعلمين. بالإضافة إلى ذلك نال درجة الدكتوراه من كلية الحقوق بليون في فرنسا عام ١٩١٢م، وقد عمل في بداية حياته مدرسًا بعد حصوله على إجازة المعلمين وذلك لمدة ثلاث سنوات، ثم قام بعدها بتدريس مادة القانون الجنائي في الجامعة المصرية. نشأت بينه وبين الزعيمين الوطنيين، مصطفى كامل، ومحمد فريد صداقة وطيدة واتفاق في الرؤى السياسية، الأمر الذي دفعه دون تردد للانضمام إلى جانبهما في الحزب الوطني، ومشاركتهما في الكفاح السياسي ضد الاستعمار، ولم يقتصر كفاح لطفي جمعة على المستوى الحركي المتمثل في العمل السياسي والنشاط الحزبي، ولكنه امتد أيضًا للعمل الصحافي الفكري التنويري، فكان يكتب في معظم الدوريات والمجلات والجرائد العربية التي تصدر في عصره.  كان داعيةً للحوار الحضاري، والتعاون بين الأمم في مجال العمل والثقافة والعلم، وكان من المنادين بمجانية التعليم، وطالب بإنشاء المتاحف الاجتماعية، والنصب التذكارية، كما وضع أول قاموس للغات السرية، وأشار في كثير من أعماله الأدبية والعلمية إلى العيوب الكامنة في البنية القانونية للمجتمع المصري، وأرَّخ للفلسفة الإسلامية والتصوف ورجاله، وقد ألَّف الكثير من الكتب في العديد من الحقول المعرفية؛ كالأدب والفلسفة والتاريخ، بالإضافة إلى ترجمته للعديد من الكتب الشهيرة في الحضارة الغربية، ككتاب «الأمير» لميكيافيللي، و«الواجب» لجون سيمون، و«مائدة أفلاطون» وغيرها من الكتب الأخرى. توفي عقب إصابته بجلطة دماغية مرض على إثرها مرضًا طويلًا ثم فارق الحياة متأثرًا بمضاعفاتها.
00010	00007::literature, 00003::literary.criticism	64620862	مي زيادة	1359oMayZiyada	82646393, 19027171, 97415804, 39714175, 51305974, 26397073, 30427571, 93704293, 46979259, 17136091	10	مي زيادة: شاعرة وأديبة فلسطينية، وأحد رواد وأعلام النهضة الأدبية البارزين في تاريخ الأدب النسوي العربي في النصف الأول من القرن العشرين. ولدت ماري إلياس زيادة، المعروفة ﺑ «مي زيادة»، في الناصرة بفلسطين عام ١٨٨٦م، لأب لبناني وأم فلسطينية. ارتحلت مع ذويها إلى مصر، واستقرت هناك بعد أن عمل والدها محرِّرًا لجريدة المحروسة. استطاعت إجادة العديد من اللغات كالإنجليزية، والفرنسية، والألمانية، والإسبانية، والإيطالية، والعربية، كما درست وطالعت كتب الفلسفة، والأدب، والتاريخ العربي والإسلامي. انفتحت على أجواء النهضة الثقافية والحضارية الموجودة في القاهرة آنذاك، فكانت تعقد ندوة أسبوعية باسم «ندوة الثلاثاء» وكان يحضرها الكثير من فحول عصرها من أدباء وشعراء ونقاد، وكان من أبرزهم: أحمد لطفي السيد، وأحمد شوقي، وعباس العقاد، وطه حسين، وشبلي شميل، ويعقوب صروف، وخليل مطران، ومصطفى صادق الرافعي، وغيرهم، وقد أغرم الكثير منهم بمي، إلَّا أن قلبها لم يمل سوى لشخص واحد هو جبران خليل جبران، الذي ظلت مأخوذة به طوال حياتها، وتبادلا الرسائل مدة عشرين عامًا برغم أنهما لم يلتقيا ولو لمرة واحدة!  نشرت العديد من الكتب، تأليفًا وترجمةً، حيث نشرت أول ديوان شعر بالفرنسية تحت اسم «أزاهير الحلم»، وصدر لها بالعربية مجموعة كتب: ﮐ «باحثة البادية»، و«كلمات وإشارات»، و«المساواة»، و«ظلمات وأشعة» … إلخ. كما ترجمت ثلاث روايات منهم رواية «ابتسامات ودموع» لمكس مولر، بالإضافة إلى ذلك، نشرت العديد من المقالات والأبحاث في كبريات الصحف والمجلات الأدبية والفكرية مثل: المقطم، والمحروسة، والزهور، والأهرام، والهلال، والمقتطف. عاشت الاثنتي عشرة سنة الأخيرة من حياتها في مأساة حقيقية، حيث فقدت ثلاثة من أقرب الأشخاص إليها واحدًا تلو الآخر، هم والدها الذي توفي عام ١٩٢٩م، والحبيب جبران خليل جبران الذي تلاه في عام ١٩٣١م، وأخيرًا والدتها التي فارقت الحياة بعده بعام، هذه المفجعات المتتاليات جعلتها تقضي بعض الوقت في مستشفى للأمراض النفسية، ثم خرجت بعدها وأقامت عند الأديب أمين الريحاني عدة أشهر عادت بعدها إلى مصر لتموت بالقاهرة في ١٩٤١م، تاركةً وراءها إرثًا أدبيًّا رائعًا ومتميزًا.
00010	00004::poetry, 00002::plays, 00002::literature, 00001::science.fiction, 00001::novels, 00001::biographies	95147246	إلياس أبو شبكة	1366IlyasAbuShabaka	86370791, 29186172, 64163579, 16485292, 35369249, 24742939, 69084753, 70931790, 24040406, 59619502	10	إلياس أبو شبكة: شاعر وأديب لبناني. وُلد إلياس يوسف أبو شبكة في مدينة «بروفيدانس» بالولايات المتحدة الأمريكية في عام ١٩٠٣م، وكان ذلك أثناء أحد أسفار والده، وعاد به إلى قريته بمدينة «كسروان» اللبنانية وهو ابن سنة، تلقى إلياس علومه الأولية ﺑ «مدرسة عينطورة» ولما وقعت الحرب العالمية الأولى انقطع فترة عن التعليم، ثم استأنف الدراسة في «مدرسة الإخوة المريميين» في «جونية»، وقد كان غريب الأطوار يتعلم على ذوقه ويتمرد بشكل مستمر على معلميه. عرف إلياس اليتم وهو في الحادية عشرة من عمره، حيث اغتال بعض اللصوص والده، ونهبوا أمواله، الأمر الذي أثر بشكل كبير في نفسيته، وانعكس فيما بعد على فنه حيث كان صاحب نظرة قاتمة، كما اضطر ليكدح بعد فقد ثروة والده فاشتغل بالتدريس والترجمة. اتسمت قصائد إلياس بالواقعية والنضج، وقد أحدث ديوانه الشهير «أفاعي الفردوس» ضجة في الأوساط الثقافية العربية، إذ رسم بمهارة فنية عالية لوحات نابضة بالحياة عكست حالته النفسية الثائرة مستخدمًا تراكيب لغوية مبتكرة وصورًا خيالية جديدة. أسس إلياس «عصبة العشرة» الأدبية التي ضمت عددًا من الكتاب والأدباء اللبنانيين الذين ثاروا على الأساليب القديمة للأدب، وعملوا على كسر الجمود الفكري الذي كان في الحياة الثقافية العربية. توفي إلياس في عام ١٩٤٧م.
00009	00006::literature, 00002::literary.criticism, 00001::novels, 00001::history	53130362	مصطفى صادق الرافعي	1355MustafaSadiqRafici	19618179, 64285973, 70629206, 60724057, 62581958, 42928303, 18513963, 80383953, 61379142	9	مصطفى صادق الرافعي: أحد أقطاب الأدب العربي الحديث في القرن العشرين، كتب في الشعر والأدب والبلاغة باقتدار، وهو ينتمي إلى مدرسة المحافظين وهي مدرسة شعرية تابعة للشعر الكلاسيكي. وُلِد «مصطفى صادق عبد الرزاق سعيد أحمد عبد القادر الرافعي» بقرية بهتيم بمحافظة القليوبية عام ١٨٨٠م في رحاب أسرةٍ استقى من مَعِينها روافد من العِلمِ والأدبِ؛ فقد زخرت مكتبة والده بنفائس الكتب، كما تشرَّف منزل والده باستضافته لكوكبةٍ من أعلام العلم والأدب، وقد تأثر الرافعي بتلك الكوكبة، واستلهم من نبراس علمهم أُفُقًا جديدًا من آفاق المعرفة، وقد أوفده والده إلى كُتاب القرية؛ فحفظ القرآن الكريم وأتمَّه وهو لم يتجاوز العاشرة من عمره، ثم انتسب إلى مدرسة دمنهور الابتدائية، ومكث بها فترةً من الزمن، انتقل بعدها إلى مدرسة المنصورة الأميرية وحصل منها على الشهادة الابتدائية، وكان عمره آنذاك سبع عشرة سنة، وقد توقف مشواره الأكاديمي عند هذه الدرجة العلمية لِيُماثِلَ بذلك العقاد الذي لم يَنَلْ سوى الشهادة الابتدائية، ومن الجدير بالذكر أن مرض الصمم الذي أصابه هو الذي اضطره إلى ترك التعليم الرسمي، واستعاض عنه بمكتبة أبيه؛ فعكف على قراءة واستيعاب كل ما فيها. وقد تقلَّدَ عددًا من المناصب؛ فعمل كاتبًا في محكمة طلخا، ثم انتقل إلى محكمة إيتاي البارود، ثم محكمة طنطا الشرعية، واختتم حياته المهنية بالانتساب إلى المحكمة الأهلية.  وقد أثرى بحر الأدب بالعديد من إبداعاته الشعرية والنثرية؛ فقد أصدر ديوانه الأول عام ١٩٠٣م وهو في ريعان شبابه، وقد حَظِيَ هذا الديوان على إشادة وإعجاب شعراء عصره، فقد أثنى عليه البارودي وحافظ والكاظمي وبعثوا له ببرقيةِ تهنئة؛ ولكن الثناء لم يُثنه عن القرار الذي اتخذه بترك ميدان الشعر والتوجه إلى ساحة النثر الفني الأدبي التي برع فيها، حيث قدم العديد من المؤلفات الأدبية والدينية ومن أشهرها «حديث القمر»، و«أوراق الورد»، و«تحت راية القرآن»، و«إعجاز القرآن والبلاغة النبوية». وقد صعد إلى الرفيق الأعلى عام ١٩٣٧م.
00009	00004::novels, 00003::literature, 00001::travel.literature, 00001::plays, 00001::literary.criticism	93831791	أمين الريحاني	1358AminRihani	85030482, 81380829, 82418169, 39464158, 24070363, 85302613, 42409306, 59603514, 29461627	9	أمين الريحاني: مفكرٌ وأديبٌ، وروائي ومؤرخ ورحالة، ورسام كاريكاتير لبناني، يعدُّ من أكابر دعاة الإصلاح الاجتماعي وعمالقة الفكر في أواخر القرن التاسع عشر وأوائل القرن العشرين في الوطن العربي، ويلقب بفيلسوف الفريكة. وُلد «أمين فارس أنطون يوسف بن المطران باسيل الباجي» عام ١٨٧٦م بقرية الفريكة اللبنانية لأبوين مارونيين، وقد سمي بالريحاني لكثرة شجر الريحان المحيط بمنزله. بدأ أمين الريحاني رحلته الدراسية على يد معلم القرية في كنيسة «مار مارون». انتقل بعد ذلك إلى مدرسة نعوم مكرزل، وتلقى بها مبادئ اللغتين العربية والفرنسية، ثم سافر عام ١٨٨٨م مع عمه إلى الولايات المتحدة الأمريكية، وهناك تعلم اللغة الإنجليزية والرياضيات والعلوم الطبيعية. وقد أبدى الريحاني منذ صغره اهتمامًا بالأدب والفكر، حيث طالع المسرح الإغريقي والشكسبيري، كما مارس التمثيل كهواية كادت تتحول إلى احتراف. التحق الريحاني بكلية الحقوق، وبعد أن مكث بها عامًا واحدًا أصابه المرض، فأشار عليه الطبيب بالعودة إلى لبنان للاستشفاء في مناخها الجبلي، فعاد الريحاني عام ١٨٩٨م إلى لبنان بناءً على استشارة الطبيب، وأمضى به عامًا استغله في التزوُّد بما في التراث العربي من كنوز، ثم عاد مرة أخرى إلى الولايات المتحدة، وأخذ ينشر مقالاته الأدبية والفكرية في صحف المهجر، كما أخذ يمارس الخطابة بين الناس في المنتديات. وقد انصرف الريحاني تمامًا إلى الحياة الفكرية والأدبية بعد وفاة والده، وبدأ يوجه اهتمامه نحو نقد المجتمع الغربي وماديته السائدة التي قضت على الأبعاد الإنسانية في الحياة؛ وهو ما دفعه بعد ذلك إلى العودة لموطنه الأول بقرية الفريكة، حيث الارتماء بين أحضان الطبيعة بعيدًا عن وحشة المدنية الغربية الحديثة. أخذ الريحاني بعد ذلك في التنقل بين الأقطار العربية داعيًا إلى الوحدة، وقابل في رحلاته الملوك والأمراء، وألَّف من وحي هذه الرحلات مجموعة من الكتب؛ ﮐ «ملوك العرب» و«تاريخ نجد الحديث» و«قلب العراق» … إلخ. كتب الريحاني في العديد من الأجناس الأدبية؛ كالشعر والرواية والمقال والمسرح والسير والرحلات والنقد. كما ألَّف في العديد من الحقول المعرفية الأخرى؛ كالفلسفة والتاريخ والاقتصاد والاجتماع والجغرافيا، ومارس الرسم والتمثيل. وقد كان للريحاني سيرة نضالية لم يدخر فيها جهدًا في توظيف معرفته الموسوعية ضد الاحتلال، والسعي نحو الاستقلال الوطني. وقد ظلَّ على دربه المعرفي والنضالي حتى توفاه الله عام ١٩٤٧م، بعد أن ترك إرثًا أدبيًّا وعلميًّا ضخمًا.
00009	00004::history, 00003::literature, 00002::literary.criticism, 00001::linguistics, 00001::biographies	63682491	أحمد تيمور باشا	1348AhmadTaymurBasha	28041486, 58350282, 82470468, 72916402, 75241938, 80268240, 93047907, 69073918, 70841359	9	أحمد تيمور باشا: أحد كبار رجال النهضة العربية، وباحث في حقول اللغة والأدب والتاريخ، ويُعَدُّ صاحب أكبر مكتبة خاصة في العصر الحديث، حيث بلغ عدد الكتب الموجودة بها ثمانية عشر ألف كتاب، كما أنه والد كل من الأديبين العبقريين: محمود تيمور، ومحمد تيمور، والأخ الأصغر لعائشة التيمورية إحدى رائدات الحركة النسوية في القرن التاسع عشر بالعالم العربي. وُلِدَ أحمد إسماعيل محمد تيمور عام ١٨٧١م، وتُوُفِّيَ أبوه وهو بعدُ رضيع، فكفلته أخته الكبرى عائشة التيمورية وزوجها محمد توفيق، وقد درس تيمور في مدرسة مارسيل الفرنسية بضع سنوات، ثم انقطع عن الدراسة النظامية وتلقَّى تعليمه في البيت، حيث تعلم الفارسية والتركية، وكان الشاب قد كوَّن وهو دون العشرين مكتبةً شخصية يبلغ قوامها ثمانية آلاف مجلد، نِصفها من المخطوطات. اتَّصل أحمد تيمور بأعلام عصره كالشيخ حسن الطويل، والشيخ طاهر الجزائري، والشيخ المجدِّد محمد عبده الذي تأثَّر به تيمور كثيرًا، وقد شهدت داره مجالسَ أدبية وعلمية حافلة، كان يحضرها أقطاب الفكر والسياسة والأدب في مصر آنذاك، أمثال: سعد زغلول، وإسماعيل صبري، وحافظ إبراهيم، وقاسم أمين، وغيرهم. انقطع تيمور لدراسة العلم وفهرسة مكتبته الضخمة التي استفاد منها الكثير، أولهم ابناه محمد ومحمود اللذان كان لهما أبلغ الأثر في الأدب العربي الحديث، وقد أهدى تيمور فيما بعدُ هذه المكتبة لدار الكتب المصرية لينتفع بها عامة الناس. عاش تيمور حياةً قاسية، حيث تُوُفِّيَتْ زوجته وهو في سِنِّ التاسعة والعشرين، ولم يتزوج بعدها خشية أن تُسِيءَ الثانية إلى أولاده، كما فَقَدَ ابنه محمدًا وهو بعدُ شابٌّ في الثلاثين من العمر، فجزع لموته ولازمته عدة نوبات قلبية أدَّت في النهاية إلى وفاته بعد سنين معدودة.
00008	00008::history	95373730	عبد الله حسين	1361CabdAllahHusayn	61638096, 35837080, 96283142, 27373961, 29373572, 62481531, 14964935, 85315384	8	عبد الله حسين: محامٍ، وصحافيٌّ، ومؤرخ له العديد من المؤلَّفات التاريخية والأدبية والسياسية والاجتماعية. وُلِد عبد الله حسين في محافظة القاهرة لأسرة قروية من بني عديات بمركز منفلوط. الْتحق في صِغَره بمكتب البارودي لتعليم القرآن، ثم واصَلَ تعليمَه النظامي بمدرسة فكتوريا، فمدرستَيِ الجمعية الخيرية الإسلامية والشيخ صالح أبي حديد، وعندما انتقل إلى المرحلة الإعدادية كان دائمًا ما يتصدَّر قائمةَ الأوائل. تخرَّجَ في مدرسة الحقوق الملكية (كلية الحقوق بجامعة فؤاد الأول)، وحصل على الدكتوراه من مدرسة الحقوق الفرنسية «شعبة العلوم السياسية والاقتصادية»، كما حصل على دبلوم معهد الدراسات الإيطالية، ودبلوم المعهد الألماني. أجاد عبد الله حسين عدةَ لغات، هي: الفرنسية، والإنجليزية، والإيطالية، والألمانية. كان عبد الله حسين أحدَ أعضاء اللجنة الاستشارية العليا للتعاون، التي وضعت قانونَ التعاون في سنة ١٩٢٧م، وعضوًا في البعثة المصرية للسودان، كما أنه من مؤسِّسي جمعية نهضة القرى، ومؤسِّس جمعية الشبيبة المصرية، وجمعية الدراسات السودانية، وجمعية الدراسات الأفريقية، واتحاد ضاحية الأهرام. كما عمل عبد الله حسين محرِّرًا بجريدة الأهرام، وكان أستاذًا بقسم الصحافة في الجامعة الأمريكية حتى عام ١٩٤٢م. وقد أتاحت له أسفاره وعمله الصحفي مقابَلةَ الكثير من كبار الرجال والزعماء في الشرق والغرب، أمثال: الزعيم الوطني سعد زغلول، والبابا ولبران، ولويد جورج، ومكدونالد، وتشمبرلين، وإيدن، وموسيليني، وبريان، وبلوم. كما عاصَرَ في صِباه العديدَ من أعلام الفكر، أمثال: محمد عبده، وعلي يوسف، وقاسم أمين، ومصطفى كامل، ومحمد فريد، وعبد العزيز جاويش. وفي يوم ٣١ ديسمبر من عام ١٩٤٣م، تُوفِّي عبد الله حسين بعد أن صدمته سيارة يقودها مخمورٌ، فتسبَّب الحادث في بتر ساقه، وظل ينزف طوالَ الليل حتى فاضت روحه إلى بارئها.
00008	00003::plays, 00003::history, 00001::novels, 00001::literature	74930641	عباس حافظ	1378CabbasHafiz	31630496, 35092828, 37091731, 69702740, 38073080, 71619149, 81503706, 71903071	8	عباس حافظ: كاتب مصري، وناقد مسرحي، ومناضلٌ سياسي سخر قلمه لخدمة مبادئه السياسية، وهو المترجم الذي تلألأت ببديع ترجماته ميادين الفكر الأدبي. ولد عباس حافظ علي حافظ في القاهرة بشارع الخليج المرخم بالموسكي، وقد سلك أول سبل المعرفة بحصوله على الشهادة الابتدائية عام ١٩٠٨م، ثم الشهادة الثانوية عام ١٩١٣م. وقد تقلَّد عباس حافظ العديد من المناصب؛ فعمل سكرتيرًا ماليًّا بوزارة الحربية. وفي عهد وزارة إسماعيل صدقي باشا تم نقله — انتقامًا منه على مواقفه السياسية — إلى أسوان وهو في أشد الحاجة لوجوده في القاهرة لمعالجة والدته مريضة القلب، وقد أذاقته وزارة صدقي أشد صنوف العذاب وأنهكته بالتحقيقات والغرامات. وفي أواخر عام ١٩٣٤م ابتسم له القدر عندما تولت وزارة محمد توفيق الحكم؛ ليعود إلى العمل مرةً أخرى في إدارة المطبوعات بوزارة الداخلية، ثم ينتدب عام ١٩٣٦م للعمل في سكرتارية الهيئة الرسمية للمفاوضات التابعة لرئاسة مجلس الوزراء. وكان يعمل رقيبًا على النصوص المسرحية في قلم المطبوعات بوزارة الداخلية عام ١٩٣٥م، وانتهى عمله الوظيفي مع قدوم وزارة ماهر باشا إلى الحكم؛ حيث قرر أن يُحيلَ نفسه إلى المعاش عام ١٩٥٠م.  وقد أثرى حافظ الحياة الأدبية والنقدية والمسرحية بالعديد من الأعمال التي خلَّدت ذِكْراهُ، منها: «نهضة مصر» و«مصطفى النحاس — أو — الزعامة والزعيم» و«علم النفس الاجتماعي» و«الشيوعية في الإسلام». وله العديد من الكتب المترجمة، منها: «كنوز الملك سليمان» للسير ريدر هجارد، و«ألوان من الحب». وقد قدَّم لساحة الإبداع المسرحي العديد من المسرحيات المترجمة المنشورة، منها: مسرحية «العبرة بالخواتيم» و«ضجة فارغة» و«شقاء الشاعر». وله العديد من المقالات النقدية في صحف «البلاغ» و«المنبر» و«كوكب الشرق». وقد وافته المنية عام ١٩٥٩م.
00007	00007::history	48305702	عمر طوسون	1363CumarTusun	17307940, 42070752, 57909080, 25362624, 95849508, 24602682, 58482029	7	عمر طوسون: هو أحد أهم رواد الإصلاح والنهضة في مصر أوائل القرن العشرين، له العديد من الإسهامات في المجال العلمي والعملي، حيث استطاع أن يؤرِّخ لكثير من الأحداث التاريخية، وأن يقدم العديد من الدراسات التاريخية والأثرية المصرية التي عُدت بمثابة أعمال رائدة في هذا الشأن، كما ساهم في اكتشاف العديد من الآثار المصرية، منها عثوره على رأس تمثال الإسكندر الأكبر، وكان له باع كبير في العمل الخيري والتطوعي الذي ساعد في النهوض بالوطن سواء على المستوى الاقتصادي أو الاجتماعي أو السياسي.  وُلد «الأمير عمر طوسون» عمر في الإسكندرية عام ١٨٧٢م، أبوه الأمير طوسون بن محمد سعيد بن محمد علي، وأمه الأميرة فاطمة إحدى بنات الخديوي إسماعيل، توفي والده وهو بعد في الرابعة، فكفلته جدته لأبيه، حيث أتم دروسه الأولى في القصر، ثم انتقل إلى سويسرا ليكمل تعليمه، كما سافر إلى العديد من البلدان الأوروبية كفرنسا وإنجلترا. يعد الأمير عمر طوسون، من أكثر من ساهموا في أعمال خيرية في مصر الحديثة، حيث شملت صلاته الخيرية بعشرات الجمعيات، منها الجمعية الخيرية الإسلامية، والجمعية الخيرية القبطية، حيث تبرع لهما بمبلغ ستة آلاف جنيه إضافة إلى سعيه لجمع التبرعات لهما، فكان منطلقه في العمل الخيري منطلقًا وطنيًّا لا يُفَرِّق بين مسلم ومسيحي. شملت نشاطاته في المجال العام الجانبين السياسي والاقتصادي والأثري، حيث قدم الدعم للمقاومة الليبية العثمانية في مواجهة الغزو الإيطالي، ودعم جيوش الدولة العثمانية التي تتعرض للغزو في البلقان، كما فضح سياسة الاستعمار الهولندي في أندونيسيا، أما عن الجانب الاقتصادي، فقد تولى رئاسة الجمعية الزراعية الملكية التي كانت تُعْنَى بشئون الزراعة في مصر فنهض بها، وساعد في تطوير الإنتاج الزراعي، وفي المجال الأثري كانت لطوسون الريادة، حيث استطاع أن يكتشف ٥٢ ديرًا أثريًّا، وأن يعثر على رأس تمثال الإسكندر الأكبر بخليج العقبة، وينتشلها من الماء بمساعدة الصيادين والغواصين، كما اكتشف بقايا مدينة مغمورة بالماء على عمق خمسة أمتار بأبي قير سنة ١٩٣٣م، إلى جانب تقديمه للعديد من الدراسات الرائدة في مجالي التاريخ والآثار، وقد توفي الأمير عمر طوسون عام ١٩٤٤م عن عُمْرٍ يناهز الثانية والسبعين عامًا.
00007	00006::history, 00001::travel.literature	79369353	شكيب أرسلان	1365ShakibArslan	93924793, 20790318, 26373808, 36840926, 74797079, 59024715, 69071351	7	شكيب أرسلان: كاتب وأديب ومفكر عربي لبناني. لُقِّب بأمير البيان، لغزارة إنتاجه الفكري. كان كثير الترحال؛ حيث تنقل بين العديد من البلدان، والتقى بالعديد من أعلام وأدباء ومفكري عصره، وله الكثير من الإسهامات الفكرية والأدبية والسياسية التي جعلته أحد أفذاذ عصره. كما اعتُبِرَ واحدًا من كبار المفكرين ودعاة الوحدة الإسلامية.  ولد شكيب أرسلان عام ١٨٦٩م، بقرية الشويفات قرب بيروت، وتأثر بعدد كبير من أعلام عصره ممن تتلمذ على أيديهم أو اتصل بهم في مراحل متعددة من حياته، كأساتذته «الشيخ عبد الله البستاني» و«الدكتور كرنليوس» و«أحمد فارس الشدياق» الذي كان شديد الحماس والتأييد للخلافة الإسلامية والدولة العثمانية، كما تعرف إلى «أحمد شوقي» و«إسماعيل صبري» وغيرهم من أعلام الفكر والأدب والشعر في عصره. وقد أجاد أرسلان لغات عدة هي: العربية، والتركية، والفرنسية والألمانية.  أمضى شكيب أرسلان قسطًا كبيرًا من عمره في الرحلات، فقام برحلاته المشهورة من لوزان بسويسرا إلى نابولي في إيطاليا إلى بورسعيد في مصر، واجتاز قناة السويس والبحر الأحمر إلى جدة ثم مكة المكرمة. وكان يسجل في هذه الرحلة كل ما يراه ويقابله، وقد قضى أرسلان نحو ستين عامًا في القراءة والكتابة والخطابة. من أشهر مؤلفاته: «الحلل السندسية» و«لماذا تأخر المسلمون وتقدم غيرهم» و«الارتسامات اللطاف» و«تاريخ غزوات العرب».  كان أرسلان لا يثق بوعود الحلفاء للعرب، حيث حذَّر من استغلال الأجانب للشقاق الواقع بين العرب والأتراك، للقضاء على الدولة العثمانية أولًا، ثم تقسيم البلاد العربية بعد ذلك. وهو ما حدث بالفعل حينما تنكر الأتراك للخلافة الإسلامية عقب الانقلاب الأتاتوركي، واتجهوا إلى العلمانية، وقطعوا ما بينهم وبين العروبة والإسلام من صلات. حينها اتخذ أرسلان موقفًا آخر؛ حيث بدأ يدعو إلى الوحدة العربية، وكان من أشد الناس فرحًا حين أسست الجامعة العربية عام ١٩٤٥م. ولمَّا وضعت الحرب العالمية الثانية أوزارها، عاد أرسلان إلى وطنه أواخر عام ١٩٤٦م، وما لبث أن توفي بعد حياة حافلة بالعناء والكفاح.
00007	00005::literature, 00002::novels	85274958	جبران خليل جبران	1349JibranKhalilJibran	46094724, 91827302, 40604174, 85258647, 86402625, 68407095, 46050302	7	جبران خليل جبران: شاعر وقاصٌّ وفنان، وأديب لبناني، وأحد رواد النهضة في المنطقة العربية وكبار الأدباء الرمزيين. هو جبران بن خليل بن ميخائيل بن سعد، وُلِدَ في بلدة بشرى شمال لبنان عام ١٨٨٣م، لعائلة مارونية فقيرة، سافر منذ صغره مع عائلته إلى الولايات المتحدة عام ١٨٩٥م، وهناك تفشَّى داء السُّلِّ في أسرته، فماتوا الواحد تلو الآخر. وعلى أثر ذلك عانى جبران معاناة نفسية ومادِّيَّة كبيرة، إلى أن تعرف على سيدة تُدعى «ماري هاسكل»، حيث أُعجِبت بفنه فتبنَّته ومنحته الكثير من مالها وعطفها.  درس جبران فن الرسم في الولايات المتحدة، وتعمَّق في دراسته عندما سافر إلى فرنسا فيما بعدُ، وكان — إضافةً إلى كونه فنانًا بارعًا وأديبًا وقاصًّا متميزًا — صاحب مدرسة أدبية تحمل لونًا خاصًّا، حيث اتسم جبران بسعة الخيال وعمق التفكير وغزارة الإنتاج، والأسلوب السهل الجامع بين حرارة الوجدان، وجمال الصورة، والتأثُّر بالطبيعة، والالتزام برسم المعنى مع إحاطته بهالة من الغموض؛ حيث تعد سردياته رمزيَّةً إلى حَدٍّ كبير؛ مما يثير الذهن والفكر لدى المتلقي.  للحب في حياة جبران مكانة كبيرة، فهو — على غرار الشعراء العذريين العرب، والرومانسيين في الغرب — يؤمن بقضاء الحب وقدريته التي لا قِبَلَ للإنسان بردها أو تجنبها، وقد كانت لجبران حكايات كثيرة في هذا العالم، حيث أحب اثنتي عشرة امرأةً، تسع منهن يكبرنه سنًّا، ومن هذه النساء ماري قهوجي، وماري خوري، وكورين روزفلت (أخت الرئيس الأمريكي)، ولكن كانت حكاية حبه الأشهر مع الأديبة مي زيادة، التي لم يَرَها ولم تَرَه قط، فكانت المراسلات والخطابات بينهما هي اللقاء.  التفَّ حول جبران العديد من الأدباء والشعراء السوريين واللبنانيين، كميخائيل نعيمة، وعبد المسيح حداد، ونسيب عريضة، وأنشَئوا معًا ما أَسْمَوْهُ «الرابطة القلمية» التي أرادوا من خلالها تجديد الأدب العربي، وإخراجه من مستنقعه الآسن، وقد تم تأسيس هذه الرابطة في منزله سنة ١٩٢٠م، وانتخبوه عميدًا. تُوُفِّيَ جبران خليل جبران في نيويورك سنة ١٩٣١م، بسبب مرض السُّلِّ وتلَيُّف أصاب الكبد، وقد تمنَّى جبران أن يُدفن في لبنان، وتحققت له أمنيته عام ١٩٣٢م، حيث نُقِلَ رفاته إليها، ودُفِنَ هناك فيما يُعرف الآن باسم متحف جبران.
00007	00005::arts, 00004::history	15169292	زكي محمد حسن	1376ZakiMuhammadHasan	29403527, 35028680, 26180405, 85790292, 41806905, 61725371, 81590631	7	زكي محمد حسن: عالم أثري مصري، له العديد من الأبحاث التاريخية والأثرية القيمة.  ولد زكي محمد حسن بمدينة الخرطوم عام ١٩٠٨م، ونشأ في القاهرة وتعلم بها، ثم تخصص في الآثار الإسلامية، وقد حصل على شهادة الآثار الإسلامية من مدرسة اللوفر في عام ١٩٣٤م، ونال بعدها شهادة الدكتوراه في الآداب من جامعة باريس. وقد أتقن العديد من اللغات، منها: الإنجليزية والألمانية، والفرنسية، والفارسية. عُيِّن زكي حسن أمينًا لدار الآثار العربية بالقاهرة عقب عودته من باريس عام ١٩٣٥م واستمر بالعمل بها حتى عام ١٩٣٩م. وقد ألَّف في تلك الفترة عدة كتب في علم الآثار فضلًا عن كتابته لدليل محتويات دار الآثار العربية. وقد انتقل زكي حسن بعدها للعمل كأستاذ للآثار والفنون الإسلامية بكلية الآداب جامعة القاهرة، كما عمل مدرسًا للتاريخ والآثار في جامعة بغداد. وكان ضِمْنَ أعضاء مجامع ومجالس علمية متعددة. قام زكي حسن بعدة رحلات علمية زار فيها معظم البلاد الأوروبية، كما مثَّل مصر في كثير من المؤتمرات العلمية. وقد ألف زكي في العديد من الموضوعات، مثل: التاريخ، والآثار، وأدب الرحلات. كما ترجم عددًا من الكتب الأجنبية إلى العربية، وكتب أكثر من خمسين مقالًا في مجالات مختلفة. ومن كتبه: «التصوير في الإسلام»، «كنوز الفاطميين»، «الفن الإسلامي في مصر»، «الصين وفنون الإسلام»، «التصوير عند العرب». وقد توفي زكي محمد حسن في بغداد عام ١٩٥٧م، ودفن في القاهرة.
00007	00004::history, 00001::novels, 00001::literature, 00001::biographies	47253636	سليم قبعين	1370SalimQabcin	39480526, 84857157, 31618696, 51363641, 95964739, 86860817, 90504631	7	سليم قبعين: مدرس وصحفي وأديب وشاعر ومؤرخ، ويُعدُّ من أوائل المترجمين العرب الذين عرَّفوا القارئ العربي بالفكر والأدب الروسي — من لغته إلى اللغة العربية مباشرةً — في النصف الأول من القرن العشرين، حيث قطع شوطًا طويلًا في هذا المضمار. ومثَّل قبعين علامة فارقة في أدب عصره وشكَّل الاتجاهات الأدبية والفكرية لتلك الحقبة.  وُلد سليم بن يوسف قبعين بمدينة الناصرة في فلسطين عام ١٨٧٠م، والتحق بدار المعلمين الروسية. وبعد تخرُّجه عام ١٨٩٦م عمل مدرسًا للغة الروسية في مدرسة «المجديل» الابتدائية. وكانت مواقفه السياسية المؤيدة للقومية العربية، والمعارضة للدولة العثمانية سببًا في هروبه إلى مصر عام ١٨٩٧م. وعكف في مصر على تعلُّم اللغة العربية، ونشر مقالاته في عدد من الصحف ﮐ «المقطم» و«المؤيد» و«الأخبار» و«المحروسة»، كما أصدر عددًا من الصحف، مثل: «الأسبوع» عام ١٩٠٠م، و«عروس النيل» عام ١٩٠٣م، و«النيل» ١٩٠٣م، و«الإخاء» ١٩٢٤م، كما أنشأ مطبعة «الإخاء». كان من المدافعين عن المسيحيين العرب في اليونان، ودعا إلى استقلالهم عن الكنيسة اليونانية، وأسس «جمعية القديس جاورجيس الخيرية». وانتقد سماح الدولة العثمانية بوجود البعثات التبشيرية في فلسطين؛ حيث أكد أنها أدت إلى تقسيم الوطن، وعملت على تحقيق أهداف سياسية تؤدي إلى القضاء على الوحدة العربية. ترجم الكثير من الكتب لعدد من أقطاب الفكر الروسي، مثل «أنشودة الحب» ﻟ «تورجنيف»، وترجم عن «بوشكين» «ربيب بطرس الأكبر»، و«نخب الأدب» ﻟ «مكسيم جوركي»، وترجم الكثير عن تولستوي، مثل: «حكم النبي محمد» و«محكمة جهنم». كما كتب عددًا من المؤلفات ﮐ «مذهب تولستوي» و«الدستور والأحرار». وكتب أيضًا في الشعر العمودي والمرسل، مثل قصيدة بعنوان: «لوم الحاسدين من الخلَّان». كان قبعين متأثرًا جدًّا بفكر تولستوي وحاول الترويج له فعمل على ترجمة العديد من كتبه، كما كتب عددًا من المقالات في الصحف من أجل توضيح فكره. تُوفِّي عميد المترجمين عن الروسية متأثرًا بداء السكر عام ١٩٥١م، تاركًا خلفه ميراثًا ضخمًا من الترجمات والمؤلفات والكتب التي أثْرَت المكتبة العربية. حقًّا إن قبعين كان النافذة التي أطل منها أهل عصره على الفكر والأدب الروسي آنذاك، ممهدًا الطريق أمام العلاقات المصرية الروسية.
00007	00002::travel.literature, 00002::history, 00001::linguistics, 00001::geography, 00001::biographies	14937183	أحمد زكي	1352AhmadZaki	82047270, 59640846, 35947928, 25263526, 83029750, 48302735, 52604240	7	أحمد زكي: مفكر مصري عربي، يُعَدُّ أحد أعمدة النهضة العربية الحديثة، وهو أول من أدخل علامات الترقيم في الكتابة العربية الحديثة، وصاحب مكتبة شخصية تضم حوالي ثمانية عشر ألف مجلد، وهو أول من أطلق على الأندلس التسمية الشهيرة «الفردوس المفقود»، وأول من استخدم مصطلح «تحقيق» على أغلفة الكتب العربية، وهو أحد الرواد الذين عمِلوا على جمع المخطوطات، وتصويرها بالفوتوغرافيا وتحقيقها، وقد لقب ﺑ «شيخ العروبة». وُلِدَ أحمد زكي باشا إبراهيم عام ١٨٦٧م، وتُوُفِّيَ أبوه وهو صغير، فكفله عمه الذي كان رئيسًا للمحكمة الابتدائية الأهلية. وقد تلقى أحمد زكي تعليمه بالقاهرة، وتخرج في مدرسة الإدارة (كلية الحقوق) عام ١٨٨٧م، وقد أجاد زكي الفرنسية إجادة تامَّة إضافة للإنجليزية، والإيطالية، واللاتينية، كما عمل مترجمًا في مجلس الوزراء، وتدرج في المناصب حتى أصبح سكرتيرًا للمجلس عام ١٩١١م، حتى أُحِيلَ إلى التقاعد. وقد عاصر أحمد زكي باشا كبار أعلام النهضة العربية كرفاعة الطهطاوي، وجمال الدين الأفغاني، ومحمد عبده، فكان لا يقل عنهم قدرًا بعلمه، وقد كان «زكي باشا» كثير السفر والترحال؛ فقد سافر إلى إنجلترا، وفرنسا، وإيطاليا، وإسبانيا، كما سافر إلى الشام، وإسطنبول، والقدس، واليمن، وقبرص. وقد تَرَكَتْ هذه الأسفار أثرًا كبيرًا في حياته العلمية والأدبية؛ حيث أتاحت له زيارة عشرات المكتبات والاطِّلاع على مؤلَّفات أعلام الشرق والغرب. وقد كرَّس الرجل جهوده الفكرية في التحقيق والترجمة والتأليف، فكتب في التاريخ، وأدب الرحلات، والأدب، واللغة، وحقَّق كثيرًا من المخطوطات؛ فقدَّم لنا أكثر من ثلاثين كتابًا مؤلَّفًا، كما ترجم العديد من الكتب، بالإضافة إلى مئات المقالات التي كَتَبَهَا في مجموعة من الصحف والمجلات العربية — آنذاك — كالأهرام، والمقطم، والبلاغ، والمؤيَّد، والهلال، والمقتطف، والمعرفة، والشورى، ومجلة المجمع العلمي (دمشق). وقد تميز زكي بانتقاده للأساليب التقليدية في الكتابة، حيث طالب بلُغَة واضحة ومألوفة تُلَبِّي احتياجات الأمة الفكرية والحضارية، وقد اعتمد أسلوبه في الكتابة على التشكيل البصري، فتحرر من السجع والمحسِّنات البديعية. وقد تُوُفِّيَ عام ١٩٣٤م إثر إصابته بنزلة بردٍ حادة.
00006	00006::history	60304038	سليم حسن	1380SalimHasan	60390836, 28570502, 30626940, 81363602, 79685353, 30704240	6	سليم حسن: أحد أعلام المصريين في علم الآثار، قدَّم العديد من الدراسات الرائدة في هذا المجال، كان منها عمله الأبرز «موسوعة مصر القديمة»، ذلك العمل الذي يتكوَّن من ثمانية عشر جزءًا، كما كان له العديد من الاكتشافات الأثرية في المنطقة المحيطة بأهرامات الجيزة، ويُلَقَّبُ بعميد الأثريين المصريين. وُلِدَ سليم حسن عام ١٨٩٣م بقرية ميت ناجي التابعة لمركز ميت غمر بمحافظة الدقهلية بمصر، وقد تُوُفِّيَ والده وهو صغير فقامت أمه برعايته وأصرت على أن يُكمِل تعليمه. وبعد أن أنهى سليم حسن مرحلة التعليم الابتدائية والثانوية وحصل على شهادة البكالوريا عام ١٩٠٩م التحق بمدرسة المعلمين العليا، ثم اختير لإكمال دراسته بقسم الآثار الملحق بهذه المدرسة لتفوُّقه في علم التاريخ، وتخرَّج منها عام ١٩١٣م. وقد عمِل سليم حسن مدرسًا للتاريخ بالمدارس الأميرية، ثم عُيِّنَ بعدها في المتحف المصري بعد ضغط من الحكومة المصرية، حيث كانت الوظائف فيه حكرًا على الأجانب، وهناك تتلمذ على يد العالم الروسي «جولنسيف». سافر سليم حسن في بعثة إلى فرنسا عام ١٩٢٥م، والتحق بجامعة السوربون التي حصل منها على دبلومتين في اللغة والديانة المصرية القديمة، وحصَل على دبلوم اللغات الشرقية واللغة المصرية القديمة من الكلية الكاثوليكية، ودبلوم الآثار من كلية اللوفر. كما حصل فيما بعدُ على درجة الدكتوراه في علم الآثار من جامعة فيينا. بدأ سليم حسن عام ١٩٢٩م أعمال التنقيب الأثرية في منطقة الهرم لحساب جامعة القاهرة، وكان من أهم الاكتشافات التي نتجت عن هذه الأعمال مقبرة «رع ور» وهي مقبرة كبيرة وضخمة وُجِدَ بها العديد من الآثار. واستمر حسن في أعمال التنقيب حتى عام ١٩٣٩م، ليكتشف خلال تلك الفترة حوالَيْ مائتي مقبرة بالإضافة إلى مئات القطع الأثرية والتماثيل ومراكب الشمس الحجرية للملكين خوفو وخفرع. عُيِّنَ سليم حسن وكيلًا عامًّا لمصلحة الآثار المصرية، ليكون أول مصري يتولى هذا المنصب، ويكون المسئول الأول عن كل آثار البلاد، وقد أعاد إلى المتحف المصري مجموعة من القطع الأثرية كان يمتلكها الملك فؤاد، وقد حاول الملك فاروق استعادة تلك القطع، ولكن سليم حسن رفض ذلك ممَّا عرضه لمضايقات شديدة أدَّت إلى تركه منصبه عام ١٩٤٠م. وقد استعانت الحكومة المصرية في عام ١٩٥٤م بخبرة سليم حسن الكبيرة فعيَّنته رئيسًا للبعثة التي ستحدد مدى تأثير بناء السد العالي على آثار النوبة. انتُخِب سليم حسن في عام ١٩٦٠م عضوًا بالإجماع في أكاديمية نيويورك التي تضم أكثر من ١٥٠٠ عالم من ٧٥ دولة، وانتقل سليم حسن إلى الرفيق الأعلى في الخامسة والسبعين من عمره عام ١٩٦١م.
00006	00005::novels, 00001::literature	93803841	مصطفى لطفي المنفلوطي	1342MustafaLutfiManfaluti	94061468, 85247571, 27916469, 29373683, 24684962, 74280904	6	مصطفى لطفي المنفلوطي: أديب مصري، ونابغة في الإنشاء والأدب، تفرد بأسلوب أدبي فذ، وصياغة عربية فريدة في غاية الجمال والروعة، تجلت في كافة مقالاته وكتبه، كما نظم الشعر في رقة وعذوبة، ويعتبر العديد من النقاد كتابيه «النظرات» و«العبرات» من أبلغ ما كُتب بالعربية في العصر الحديث. ولد «مصطفى لطفي محمد لطفي محمد المنفلوطي» سنة ١٨٧٦م بمدينة منفلوط إحدى مدن محافظة أسيوط، لأب مصري وأم تركية، عُرفت أسرته بالتقوى والعلم، ونبغ فيها الكثير من القضاة الشرعيون والنقباء على مدار مئتي عام. التحق بكتَّاب القرية، فحفظ القرآن الكريم كله وهو في التاسعة من عمره، ثم أرسله أبوه إلى الجامع الأزهر بالقاهرة فظل يتلقى العلم فيه طوال عشر سنوات، حيث درس علوم العربية والقرآن الكريم والحديث الشريف والتاريخ والفقه، وشيئًا من الأدب العربي الكلاسيكي، وقد وجد في نفسه ميلًا جارفًا نحو الأدب، فأقبل يتزود من كتب التراث في العصر الذهبي، كما طالع كلاسيكيات التراث الضخمة وذات التأثير الجلي في الثقافة العربية والإسلامية مثل كتاب: الأغاني والعقد الفريد، وسواهما من كتب التراث. لم يلبث المنفلوطي، وهو في مقتبل عمره أن اتصل بالشيخ الإمام محمد عبده، فلزم حلقته في الأزهر، واستمع لشروحاته العميقة لآيات القرآن الكريم، ومعاني الإسلام، بعيدًا عن التزمت والخرافات والأباطيل والبدع. وبعد وفاة أستاذه الإمام رجع المنفلوطي إلى بلدته، ومكث عامين متفرغًا لدراسة كتب الأدب القديم، فقرأ للجاحظ، والمتنبي، وأبي العلاء المعري وغيرهم من الأعلام، وكون لنفسه أسلوبًا خاصًّا يعتمد على شعوره وحساسية نفسه. يتحاكى كثير من الناس بعبقريته الإنشائية، حيث كان يتمتع بحسٍّ مرهف، وذوق رفيع، وملكة فريدة في التعبير عن المعنى الإنساني من خلال اللغة، وقد أصقل هذه الموهبة بشغفه المعرفي وتحصيله الأدبي الجاد، فجاءت كتابته رفيعة الأسلوب، أصيلة البيان، فصيحة المعنى، غنية الثقافة، ندر أن نجد لها مثيلًا في الأدب العربي الحديث.   وقد صعدت روحه إلى بارئها عام ١٩٢٤م، فكان مثال هذه الروح هو بحق الوردة العطرة التي فنيت، والصخرة الجَلْدة التي بقيت.
00006	00005::literature, 00001::plays	71926269	خليل مطران	1368KhalilMutran	82949141, 39797960, 36024294, 62708494, 52040814, 73592460	6	خليل مطران: رائد من رواد التجديد في الشعر العربي المعاصر، وأحد أركان النهضة الشعرية العربية. لقِّب بشاعر القطرين — مصر والشام — وشاعر الأقطار العربية بعد وفاة شوقي وحافظ. ولد خليل بن عبده بن يوسف مطران عام ١٨٧٢م في مدينة بعلبك شرقِيِّ لبنان، لأسرة لبنانية تتصل جذورها بقبائل الأزد اليمنية، بدأ تعليمه في المدرسة الشرقية بزحلة، ثم التحق بالمدرسة البطريركية للروم الكاثوليك في بيروت، وأنهى فيها المرحلة الثانوية. وقد عرف بإلمامه الكبير بالثقافتين العربية والفرنسية؛ فقد درس العربية وأتقنها على يد الشيخين خليل وإبراهيم اليازجي، وأتقن الفرنسية على يد أستاذ فرنسي من إقليم «تور» الذي يشتهر باللسان الفرنسي الدقيق والرشيق. برع مطران في نظم الشعر منذ الصغر، وقد استخدمه كأداة لنشاطه السياسي في مواجهة استبداد الحكم العثماني الذي يعاني أهل بلاده منه، فنظم القصائد للتنديد به والتشنيع عليه؛ مما أغضب السلطان عبد الحميد الذي أصدر أمره بالتخلص منه، فهرب مطران خوفًا على حياته متجهًا إلى فرنسا، وهناك استطاع أن ينضم إلى الحركة الثورية التركية من حزب «مصر الفتاة» التي كانت تعارض الحكم العثماني، لكنه لم يهنأ بالمكوث فيها جراء التضييقات التي كانت تمارس عليه، فقرر السفر إلى مصر ملاذ الثوار العرب وقتئذٍ. عمل مطران في القاهرة محررًا في جريدة «الأهرام»، ثم تركها بعد سنوات ليصدر مجلة «الجوائب المصرية» التي حولها بعد ذلك إلى جريدة يومية تهتم بالشعر والتاريخ والنقد الأدبي. ثم ترك العمل بالصحافة عام ١٩٠٤م، واتجه إلى التجارة فمُني فيها بخسائر فادحة دعته إلى تركها والاتجاه للعمل سكرتيرًا مساعدًا في الجمعية الزراعية، ثم مديرًا للفرقة القومية للتمثيل العربي. وصدر له من إنتاجه الشعري «ديوان الخليل»، وله من الأعمال الأخرى عدة دراسات عن الإرادة والشباب وينابيع الحكمة، وترجم من عيون المسرح الكلاسيكي لراسين وكورناي، والمسرح الرومانسي لفيكتور هوجو وبول بورجيه، كما ترجم بعض الأعمال من مسرح شكسبير. وقد لاقى خليل مطران من الإشادة والتكريم الشيء الكثير، وأُنعم عليه بالوسام المجيدي عام ١٩١٣م، وتوفي في القاهرة في الأول من يونيو عام ١٩٤٩م.
00005	00005::travel.literature	26048064	محمد ثابت	1377MuhammadThabit	26914282, 41461649, 30759182, 20796203, 71629136	5	محمد ثابت: رحَّالة مِصرِي، يعشق السفر والرحلات، ومُلهَم بالجغرافيا، اشتغل بالتعليم في بعض المدارس الثانوية بمصر، وعُيِّن مُراقبًا للنشاط الاجتماعي في وزارة التربية والتعليم، ودرَّس العلوم الاجتماعية في إحدى الكليات. اعتاد محمد ثابت أن يقوم برحلة كبيرة في صيف كل سنة، يُدوِّن فيها مشاهداته في البلاد التي يرتحل إليها، وأكثر كُتبه كانت في أدب الرحلات، ومن أمثلتها: «جولة في ربوع أستراليا»، و«جولة في ربوع الشرق الأدنى»، و«رحلاتي في مشارق الأرض ومغاربها»، و«جولة في ربوع آسيا». وقد تُوفِّي ثابت سنة ١٩٥٨م، على أثر إصابته بنزيفٍ في المُخ.
00005	00005::philosophy, 00002::history	15207908	يوسف كرم	1358YusufKaram	13572791, 63814928, 74748240, 57379637, 19204286	5	يوسف كرم: هو مفكر ومؤرخ وفيلسوف مصري، أضاء غُرَّةَ التاريخ الفلسفي بمذهبه العقلي؛ وشغل مَنْزلةً مرموقةً بين المثقفين المصريين، واضطلع بمهمة دراسة الفكر الفلسفي الغربي؛ فلم يترك حقبة في تاريخه إلا وكتب عنها، وهو يعد واحدًا من أبرز مؤسسي الفكر الفلسفي في الوطن العربي.  ولد «يوسف بطرس كرم» في مدينة طنطا عام ١٨٨٦م، وهو لبناني الأصل، ماروني الطائفة، وينتمي إلى قرية «إهدن» اللبنانية، وتنتمي دماء نسبه لأبوينِ مسيحيين هاجرا من لبنان واستوطنا بمصر، حيث التحق كرم هناك بالقسم الابتدائي بمدرسة سان جورج بطنطا، وحصل فيها على الشهادتين الابتدائية والثانوية، ثم انتقل بعد ذلك إلى مدرسة القديس لويس.   اشتغل كرم موظفًا بالبنك الأهلي ليساعد عائلته الفقيرة في أوائل الحرب العالمية، ثم ما لبث أن ترك وظيفته وسافر إلى باريس ليدرس الفلسفة، وليحصل على دبلوم الدراسات العليا من السوربون عام ١٩١٧م، وقد عُيِّنَ بمقتضى هذه الشهادة مُدرسًا للفلسفة في مدرسةٍ ثانويةٍ فرنسية. عاد بعد ذلك إلى مصر عام ١٩١٩م، حيث طَلَبَ منه الدكتور طه حسين أن يُعْلِيَ لواء الفلسفة بتدريسه لها في الجامعات المصرية، واستجابَةً لذلك المطلب عمل كأستاذ للفلسفة في جامعتَي القاهرة والإسكندرية. وقد أثرى كرم حقل الدراسات الفلسفية بالعديد من المؤلفات التي انقسمت إلى قسمين: مؤلفات في الفلسفة التاريخية مثل «تاريخ الفلسفة اليونانية»، و«تاريخ الفلسفة الحديثة»، ومؤلفات فلسفية ككتاب «الطبيعة وما بعد الطبيعة»، وكتاب «العقل والوجود».   ويعد من وجهة نظر زملائه علامةً أضاءت مَفْرقَ تدريس الفلسفة الغربية الحديثة في العالم العربي، وقد قال عنه صديقه الدكتور محمد يوسف موسى: «إنه يتطلعُ من صميم ذاته للعودة إلى الله خالقه، وكل الفلسفات التي تتنكر لهذا يراها مصابةً بالعقم الذي كان مصيرها على مر الأجيال.» وقد توفي عام ١٩٥٩م مخلفًا وراءه تراثًا زاخرًا بالعطاء الفلسفي والفكري.
00005	00005::history	26391794	محمد شفيق غربال	1380MuhammadShafiqGhurbal	61313825, 27372714, 26859690, 81319429, 61313825	5	محمد شفيق غربال: مؤرخ مصري، يُعدُّ صاحب مدرسة خاصة في مجال الدراسات التاريخية، وأول من أسَّس مدرسة تاريخية لدراسة تاريخ مصر الحديث. وُلِدَ محمد شفيق غربال في الإسكندرية سنة ١٨٩٤م، وتلقى بها تعليمه الأساسي والثانوي، ثم انتقل إلى القاهرة ليلتحق بمدرسة المعلِّمين العليا، حيث تخرَّج منها سنة ١٩١٥م، وكان وَلُوعًا بقراءة التاريخ. أُوفِدَ إلى إنجلترا لاستكمال دراسته بجامعة ليفربول إبان الحرب العالمية الأولى، وحصل عام ١٩١٩م على درجة البكالوريوس في التاريخ الحديث، ثم نال درجة الماجستير عام ١٩٢٤م من جامعة لندن عن رسالة بعنوان «بداية المسألة المصرية وظهور محمد علي»، وقد أشرف عليها المؤرخ البريطاني الشهير أرنولد توينبي. بعد عودته إلى مصر، عُيِّنَ لتدريس التاريخ بمدرسة المُعلمين العليا، وظل بها إلى أن نُقِلَ أستاذًا مساعدًا للتاريخ الحديث بكلية الآداب بجامعة القاهرة، وما لبث أن رُقِّي إلى كرسي أساتذة التاريخ الحديث سنة ١٩٣٦م ليكون بذلك أول مصري يتولى منصب كرسي الأستاذية في قسم التاريخ بالكلية. وفي عام ١٩٣٩م عُيِّنَ وكيلًا لكلية الآداب، ثم انتُخِب عميدًا لها، وشغل مناصب في عدد من الوزارات. قام بإنشاء الجمعية المصرية للدراسات التاريخية، بالإضافة إلى المتحف المصري، وكان عضوًا في مجمع اللغة العربية بالقاهرة والمجمع العلمي المصري. ولغربال عدد من المؤلَّفات والتحقيقات التاريخية القيِّمة، حيث حقق مخطوطًا بعنوان «ترتيب الديار المصرية في عهد الدولة العثمانية»، وله كتب منها: «بداية المسألة المصرية وظهور محمد علي»، و«محمد علي الكبير»، و«منهاج مفصل لدراسة العوامل التاريخية في بناء الأمة العربية على ما هي عليه اليوم» وهو آخر ما كتَب من دراسات، كما ترجم كتاب «المدينة الفاضلة عند فلاسفة القرن الثامن عشر»، وراجع عشرات الكتب المترجمة. وقد مُنِحَ جائزة الدولة التقديرية في العلوم الاجتماعية بصفته رائدًا لمدرسة علم التاريخ الحديث في مصر والعالم العربي، واختير عام ١٩٥١م لعضوية لجنة من ١٢ مؤرخًا من أبرز المؤرخين ليكونوا مستشارين لليونسكو في شئون تاريخ العالم، وأشرف على وضع الموسوعة العربية المُيَسَّرة، وتُوُفِّيَ قبل طبعها في القاهرة سنة ١٩٦١م إثر مرض أَلَمَّ به.
00005	00004::history, 00001::social.sciences	59604649	محمد كرد علي	1372KurdCali	84140608, 59250728, 68305130, 81802595, 51620274	5	محمد كرد علي: مُفكر وأديب سوري دافع طوال عمره عن اللغة العربية، وشدَّد على ضرورة الاعتناء بها في مراحل التعليم. كان وزيرًا للمعارف والتربية في سوريا، وأيضًا تولَّى رئاسة مَجمع اللغة العربية بدمشق. وُلِدَ «كرد علي» بدمشق عام ١٨٧٦م لأبٍ كردي وأمٍّ شركسية وتلقى تعليمًا تقليديًّا؛ حيث حفظ القرآن الكريم وتعلم القراءة والكتابة بالكُتَّاب، ثم درس المرحلة الإعدادية في المدرسة الرشدية حيث درس بها التركية والفرنسية، ثم أتم تعليمه الثانوي في المدرسة العازرية للراهبات بدمشق. كان شديد الشغف بالقراءة والاطِّلاع، فكان والده يمده بالكثير من الكتب مختلفة الموضوعات. درس «كرد علي» على يد العديد من علماء دمشق المعروفين، وقرأ عليهم كتب الأدب واللغة والبلاغة والتاريخ والفقه والفلسفة، فحاز ثقافة رفيعة وموسوعية. تُوُفِّيَ والده وهو في الثانية عشرة من عمره فحمل مسئولية نفسه صغيرًا، وعمِل كاتبًا في سِنِّ السابعة عشرة في قلم الأمور الأجنبية، حيث كان يجيد الفرنسية والتركية. عُهِدَ إليه بتحرير جريدة «الشام» الحكومية بسوريا عام ١٨٩٧م لمدة ثلاث سنوات، وكان كذلك يرسل بمقالاته إلى جريدة «المُقتطف» الشهيرة فوصلت شهرته إلى مصر. سافر «كرد علي» إلى مصر عام ١٩٠١م حيث تولى رئاسة تحرير جريدة «الرائد المصري»، ولكنه عاد بعد عدة شهور إلى دمشق فرارًا من وباء الطاعون الذي انتشر في مصر آنذاك، ثم عاد إلى مصر عام ١٩٠٦م ليُنشِئَ مجلة «المقتبس» الشهرية حيث نشر فيها البحوث العلمية والأدبية والتاريخية بجانب تحريره لجريدة «الظاهر» اليومية، كما عمل أيضًا بجريدة «المؤيد» والتي كانت كُبرَى الجرائد بالعالم الإسلامي هذا الوقت. ألَّف «كرد علي» العديد من الكُتب التي احتفت بالحضارة العربية والإسلامية، كما ترجم بعض الكتب عن الفرنسية مثل كتاب «تاريخ الحضارة»، ووضع كتابًا عن مشاهداته في فرنسا أسماه «غرائب الغرب». أنشأ «كرد علي» أول مجمع للغة العربية بدمشق عام ١٩١٩م وظل رئيسًا له حتى وفاته. تُوُفِّيَ «كرد علي» في عام ١٩٥٣م حيث دُفِنَ بدمشق بجوار قبر معاوية بن أبي سفيان.
00005	00003::novels, 00001::plays, 00001::philosophy	62629517	فرح أنطون	1340FarahAntun	73918028, 15917424, 70246068, 36950604, 13939717	5	فرح أنطون: صحافي، وروائي، ومسرحي، وكاتب سياسي واجتماعي، ورائد من رواد حركة التنوير في العالم العربي أواخر القرن التاسع عشر وأوائل القرن العشرين، اشتهر بدعوته للتسامح الديني بين المسلمين والمسيحيين، وكان اشتراكي التوجه، تأثر بأفكار المصلحين الأوروبيين روسو، وفولتير، ورنيان، ومونتسكيو، كما تأثر بفلاسفة عرب ومسلمين عديدين من أمثال: ابن رشد، وابن طفيل، والغزالي، وعمر الخيام، وآخرين. وُلد «فرح أنطون إلياس أنطون» في طرابلس الشام عام ١٨٧٤م، دخل المدرسة الابتدائية الأرثوذكسية وهو في سن السادسة، ثم التحق بمعهد كفتين، حيث اطلع على كثير من العلوم والمعارف وأتقن اللغة الفرنسية، وقد تخرج من المعهد عام ١٨٩٠م وعمره ستة عشر عامًا، انكب بعدها يطالع كل ما تقع عليه عيناه من الإنتاج المعرفي الغربي، حيث أتاحت له الفرنسية أن يقرأ لكبار المفكرين أمثال ماركس، ونيتشه، وتولستوي، وروسو … وغيرهم، هاجر إلى الإسكندرية عام ١٨٩٧م، بدأ بعدها يمارس نشاطه الفكري والثقافي، حيث أصدر عدة مجلات، مثل: مجلة «الجامعة»، ومجلة «السيدات» التي أصدرها لأخته روز أنطون. تنطوي كتابات فرح أنطون — كغيره من مفكري ذات التيار في تلك الفترة — على مفارقة فكرية نابعة من إيمانهم بالتيار الإنساني (الهيوماني) الغربي إيمانًا مطلقًا، مفادها أن الرجل قد آمن بألا تمييز بين البشر على أساس اللون أو العرق أو الجنس، وبالتالي فمن المفترض أنه لا تمييز لتيار حضاري على تيار حضاري آخر، إلا أن أنطون أراد أن ينشر في الشرق العربي النظريات العلمية والفلسفية الغربية باعتبارها نظريات حيادية موضوعية عالمية، رغم نسبيتها وذاتيتها وارتباطتها بتجربتها التاريخية إلى حد كبير؛ لذلك فإنه حتى عندما تناول التراث العربي والإسلامي جاء تناوله انتقائيًّا، حيث إن علمية النص التراثي عنده تتوقف على مدى اقترابه أو ابتعاده من النص الغربي (المعياري)؛ لذلك أثارت كتاباته تحَفُّظات كثير من الناس.  كان لأنطون إنتاج فكري غزير ومتنوع، في الأدب، والسياسة، والاجتماع، والفلسفة، والمسرح، والرواية، تَمَثَّلَ منه الكثير في المقالات التي كان يكتبها في الجرائد والمجلات، كما كانت له كتب مترجمة، وقد توفي أنطون في القاهرة عام ١٩٢٢م.